id,Nombre,Apellido,Telefono,Email,Inmobiliaria,Record ID,Proyectos_airtable,Inmobiliarias_airtable
1,Zach,Hackley,(644) 3466569,zhackley0@parallels.com,22,reclYydyUenLwmaYT,,
2,Vaughn,Gable,(531) 5974568,vgable1@flickr.com,6,recldA4nge2SV1wCZ,83,
3,Elane,Scole,(465) 4005916,escole2@mapy.cz,42,recx5i5sUuTJ5ytdT,"216,475,477",54
4,Selinda,Bovingdon,(378) 1945170,sbovingdon3@example.com,71,recB5Kiv74gsnWebm,"96,264",85
5,Randolph,Averall,(628) 4072316,raverall4@virginia.edu,22,rec4WzwglcJktSDWb,"335,456",
6,Gwenni,Toward,(392) 5194265,gtoward5@xinhuanet.com,73,recFaAFoVCLFHx1Qa,279,98
7,Clevey,Bauduccio,(640) 6060640,cbauduccio6@cornell.edu,34,recYRlxCROO63qJo7,"180,249,420",
8,Phillipe,Delouch,(197) 4418753,pdelouch7@xrea.com,42,recmDUnplbtNnwX3U,54,
9,Esdras,Sculley,(600) 9563207,esculley8@acquirethisname.com,33,recckqD5uqOO9pg6h,272,
10,Jeramie,MacComiskey,(319) 7626138,jmaccomiskey9@nsw.gov.au,100,recpBjkc34drFUCPe,"313,356,500",
11,Dino,Glew,(540) 7219975,dglewa@ucsd.edu,89,recB6Mw0CKOtt3lk1,"321,419",
12,Denice,Revill,(741) 5793077,drevillb@ucla.edu,47,recBQ9Y6RsIKAISn3,113,"17,37,1"
13,Reeva,McMullen,(148) 1155371,rmcmullenc@usgs.gov,7,recpZu70ywHUHOtAX,,99
14,Palmer,Lyokhin,(804) 2014192,plyokhind@sun.com,64,recsxOnrcacsH8qaQ,,1
15,Lena,Giamitti,(573) 6841434,lgiamittie@dailymail.co.uk,42,recMHDuBF0xinq0eN,303,47
16,Hewe,Merrick,(865) 3970429,hmerrickf@cmu.edu,100,recc3pKPdzdkGJmq2,486,
17,Maribel,Chesher,(505) 1524613,mchesherg@cornell.edu,61,recbBO0vm2i5ECMuf,"7,490",
18,Camel,Cutchee,(852) 6633120,ccutcheeh@soup.io,66,recfYtfvLb6VG0nbx,"75,408",65
19,Alfonse,Edyson,(852) 6772960,aedysoni@wikia.com,79,recUa8ptsgLd20fgK,307,
20,Langsdon,Crinidge,(308) 1607604,lcrinidgej@amazon.co.jp,40,rece9YNhIlys9vPCA,,
21,Nathanial,Airy,(454) 7507454,nairyk@sourceforge.net,100,recn0M0C5DCf6njAq,212,
22,Rafi,Peet,(326) 6798166,rpeetl@berkeley.edu,33,recHN1y79cG4OJugY,"295,350",
23,Gage,Howell,(284) 8919701,ghowellm@bbb.org,91,rec7w9UVfSX8WzAmm,273,
24,Berkeley,Raybould,(381) 4157774,braybouldn@xinhuanet.com,55,rec7lHglU82jOURug,"104,487",
25,Anderea,Massingberd,(845) 9898850,amassingberdo@ca.gov,10,rec2R5sP6ReFxzW4n,38,
26,Bond,Lander,(766) 6764869,blanderp@japanpost.jp,28,recKOKpasbaVLHrGL,"251,291",
27,Lamar,Roy,(837) 5788067,lroyq@gizmodo.com,63,recW1NFPBwMf5nSO7,,
28,Elyssa,Eubank,(692) 7825218,eeubankr@qq.com,20,rec4TBix8Q76k2PW0,,
29,Kennie,Cleef,(554) 3174395,kcleefs@gov.uk,60,rechs0FbaaR4YYCoi,"193,239,383",
30,Don,Moggach,(633) 5437581,dmoggacht@globo.com,54,rece7RsSjfsmqr399,41,40
31,Amble,Grossier,(970) 3408122,agrossieru@eventbrite.com,22,recgUaXMsEVMoXHGk,"338,433",
32,Ofella,Bradnam,(278) 4309426,obradnamv@istockphoto.com,3,rec6xuNiqXgLSHXlw,382,
33,Brigg,Staines,(108) 4965165,bstainesw@army.mil,17,recvppUFSMyNPlYWu,203,
34,Nesta,Rentilll,(476) 2742921,nrentilllx@jiathis.com,72,recczDpluubeta8LR,,
35,Jens,Lumpkin,(860) 5026898,jlumpkiny@apple.com,72,rec4lfoqButQa9qUI,,81
36,Elwyn,Kik,(596) 2212164,ekikz@fema.gov,15,rech3nKSfzAw8fZRF,"270,458",68
37,Beverley,Haken,(626) 2411742,bhaken10@irs.gov,38,recCwhARrYLmcUFC0,,"29,70"
38,Brady,Devonshire,(303) 5140138,bdevonshire11@usgs.gov,55,recNEiYuC1693isO7,,91
39,Bronson,Deboy,(635) 9425225,bdeboy12@360.cn,2,recsQ0f29kO1roPzZ,,
40,Vick,O'Hegertie,(501) 4283042,vohegertie13@ted.com,12,recrQcfz20vQjKKaz,,
41,Cindie,Bloore,(736) 3459242,cbloore14@etsy.com,35,recT8vjjs4iTOdpP2,"76,155,211,218,283,306",
42,Cheston,Bruckmann,(841) 6962964,cbruckmann15@fema.gov,87,recgamZLQGbC8zMDg,451,53
43,Isadore,Heminsley,(312) 3117816,iheminsley16@sciencedirect.com,83,recnE4sfBHMwV7dIE,,
44,Almire,Parlor,(297) 5078750,aparlor17@state.gov,32,recj05voDs73pDaEs,"19,33,299",
45,Tomasina,Waterworth,(856) 5095387,twaterworth18@blogspot.com,2,recnI9FuOrDn85D0l,311,
46,Ulla,Boch,(164) 9093004,uboch19@dailymotion.com,3,recugHnLJNdtZm4Rg,,
47,Hali,Hammerich,(920) 5375089,hhammerich1a@buzzfeed.com,13,rec0bsPSv07vG43iT,"164,402",
48,Grayce,MacClure,(690) 4289697,gmacclure1b@jigsy.com,31,recZPY6JTZFXniO7m,,
49,Emmi,Tither,(527) 3856236,etither1c@phoca.cz,63,recOGLLbJGmCbgv6K,,
50,Amberly,Petera,(375) 7840119,apetera1d@so-net.ne.jp,55,recjnqgnMA6ff4nCD,290,
51,Bonnie,Roycroft,(727) 5701380,broycroft1e@newsvine.com,71,recPcE28ALmSw3A8R,398,
52,Bambie,By,(125) 7112890,bby1f@theguardian.com,78,recLQy1ouk2X1R3vy,,
53,Guillema,Dukelow,(621) 3163270,gdukelow1g@census.gov,66,recTetUoP8AbWmcjP,"217,364",
54,Lacey,Maass,(734) 3754039,lmaass1h@baidu.com,61,recGyQEDEVyQWWBk4,,
55,Cristal,Plet,(482) 7997072,cplet1i@indiatimes.com,55,recRG90Wf8kX9LesM,325,42
56,Che,Youson,(554) 1983789,cyouson1j@infoseek.co.jp,6,recAzl3vO5ILqhXru,"271,495",
57,Cchaddie,Haller,(963) 6424878,challer1k@delicious.com,88,recgLRtfCpkUtB5g5,"17,42,195,252,314,479","9,19"
58,Oliver,Walczak,(903) 9172282,owalczak1l@tripadvisor.com,63,recS1etbXvkIXGHx8,"166,266,395",
59,Hal,Easlea,(163) 3590731,heaslea1m@samsung.com,8,recu9RIsAnN2ycp2h,,
60,Yalonda,McElory,(241) 8015339,ymcelory1n@typepad.com,51,recNpubomwuST1w1w,226,
61,Toma,McGaffey,(847) 1105938,tmcgaffey1o@trellian.com,6,rec5FRdghXJVD0EiV,"58,405",
62,Deck,Horsfield,(582) 3187440,dhorsfield1p@weebly.com,100,recXIv44Mn4cBbX7G,243,
63,Vanna,McKeowon,(308) 1264874,vmckeowon1q@ezinearticles.com,37,recKcy4VGYGSb2cUC,,"2,75,88"
64,Ephrem,Sollime,(716) 9843661,esollime1r@squarespace.com,84,recfsvxPA0NrGaPz2,,
65,Reece,Moralis,(864) 5729664,rmoralis1s@pbs.org,51,recsiflOe6CniO96E,292,3
66,Brett,Burgiss,(792) 3099709,bburgiss1t@nyu.edu,21,rec9PzXDGTqRBAnlc,,
67,Tate,Kloss,(150) 5441445,tkloss1u@istockphoto.com,17,recag8a28bUkabRuR,"51,466",
68,Meredithe,O'Flynn,(913) 8323882,moflynn1v@geocities.com,87,recbxnmIr84Rm0wjz,"247,483",
69,Idalina,Trammel,(768) 4304624,itrammel1w@icio.us,27,rec7MbryzuVlGjCHi,"298,379",
70,Garald,Frostdicke,(669) 2406113,gfrostdicke1x@google.es,7,rec4nuo3PEpi4AzMB,"2,387,414",
71,Lesly,While,(932) 7716609,lwhile1y@howstuffworks.com,49,recLxwJX9KNjIL2Vc,246,
72,Antonina,Sindall,(869) 9805367,asindall1z@cloudflare.com,1,rec8UCdsyvttkF1K4,26,
73,Sonnie,Bernardelli,(895) 9520735,sbernardelli20@xinhuanet.com,26,rec8Kg4laQKpkNKJ3,202,
74,Horatius,Gagin,(893) 5996017,hgagin21@example.com,57,recfoLDSYPdymjZ9L,"144,182,227",
75,Joannes,Yushkin,(538) 2035090,jyushkin22@theguardian.com,82,recJCZB6ib37RCtBh,331,
76,Emory,MacGaughie,(233) 3802086,emacgaughie23@cocolog-nifty.com,2,rec9CrvKOeHpchYnt,99,
77,Gerty,Meldon,(226) 2664056,gmeldon24@godaddy.com,81,recjO1wKafGfSb2eo,29,
78,Jake,Haddinton,(803) 8607995,jhaddinton25@skyrock.com,89,recf0tNHlF7UvCODm,229,
79,Jacqui,Cuxon,(705) 5697414,jcuxon26@taobao.com,77,recTB3WkS6D62oRth,"55,412",
80,Gwendolen,Arden,(173) 1638229,garden27@cornell.edu,91,recqv6LZzm8BA7rTp,149,8
81,Noland,Whittlesea,(446) 4306797,nwhittlesea28@statcounter.com,57,recaRq6cOfLC56tGD,"401,443,476",
82,Daron,Cutress,(997) 9481803,dcutress29@springer.com,44,recxJnTj2RXrdM8R3,"56,326",
83,Zachary,Shalders,(126) 4983965,zshalders2a@craigslist.org,98,recfEQ32VTj8cQuI8,,82
84,Shermie,Schoolfield,(852) 6783358,sschoolfield2b@tmall.com,75,rechLCmQX1hbE06rp,"40,339,340",
85,Selie,Rooper,(817) 5008916,srooper2c@usgs.gov,99,recycBeiDyvOcY7HE,333,
86,Becka,Onele,(921) 6618946,bonele2d@netvibes.com,83,recuXrVVsYHtUyrEi,371,15
87,Haley,Tapley,(456) 1080515,htapley2e@wunderground.com,81,recood50xpvXZQwgE,,"14,76"
88,Keven,Kehir,(176) 2148736,kkehir2f@opera.com,43,rec2lL9w74ifcdM0O,327,
89,Arliene,Rodson,(160) 9777866,arodson2g@discuz.net,72,recJxwCmXdTHNKWmR,"100,250,287,323",
90,Rosalyn,Cooch,(953) 4735688,rcooch2h@cdbaby.com,43,rec4yQ0xV0wIraAfZ,,
91,Zachariah,Klagge,(743) 4887883,zklagge2i@shutterfly.com,91,recprVxCl47g2vKM0,"196,404",23
92,Winston,Jordison,(230) 6978285,wjordison2j@msu.edu,40,recTsSfen6WTNardw,"65,201",
93,York,Andreichik,(517) 2487026,yandreichik2k@guardian.co.uk,96,recEguzTZkk4pZvU2,,
94,Fred,Dreamer,(589) 2313380,fdreamer2l@storify.com,41,recebFYpdNCFZhq93,"102,115,143",41
95,Janenna,Allain,(231) 4414534,jallain2m@dailymotion.com,9,recXPv6kaea7YKVR4,435,"67,96"
96,Alick,Trewman,(437) 8187129,atrewman2n@blogger.com,50,recHEacKSvRlKWQpT,,27
97,Ryley,Albiston,(620) 8836653,ralbiston2o@cyberchimps.com,26,rec787N4fGKzTk5q2,"318,445",
98,Lola,Matthai,(625) 1039275,lmatthai2p@biglobe.ne.jp,98,rece9CTLDWWtEyqtg,262,
99,Terza,McElwee,(323) 9684960,tmcelwee2q@addthis.com,80,reczE4ZSVX9SF67Kl,112,
100,Tammy,Samworth,(270) 2075385,tsamworth2r@bandcamp.com,66,rec5iTWIfGhItJz2P,"200,406",
101,Dela,Lakenden,(615) 8397678,dlakenden2s@mediafire.com,72,recbHxAwtEBb0b7nT,,
102,Lenna,Magill,(837) 7693516,lmagill2t@ft.com,93,recjrdPwOLgzSNenP,"24,215",
103,Kristos,Colkett,(452) 4526795,kcolkett2u@shinystat.com,49,rec6rjdjrodncNkkA,"178,411",
104,Jarred,Aujouanet,(511) 5337807,jaujouanet2v@posterous.com,53,recRICUzBkZ9O3JYz,,
105,Frants,Gason,(127) 3875764,fgason2w@woothemes.com,50,reczaV5CuvCDOxMzW,"275,460",
106,Kath,Fearenside,(485) 9880306,kfearenside2x@studiopress.com,71,recfH4mX9FW4XjYaz,,
107,Alex,Oxenden,(763) 1062153,aoxenden2y@mail.ru,62,recoaAt7pgFmiL4Dx,,
108,Marcelo,Hallows,(692) 6416810,mhallows2z@ihg.com,36,recvnfQ0AE8vZobY2,,
109,Flory,Halsworth,(129) 4133907,fhalsworth30@github.io,40,recz5iIMOg0UJZVRU,399,
110,Teodoor,Huebner,(178) 1706861,thuebner31@mysql.com,27,recwkylSP996OqTl1,,
111,Augusto,Grogono,(650) 6098186,agrogono32@google.ru,60,rechEUdF8s6GezTeS,8,50
112,Cornie,Ernke,(635) 5735511,cernke33@ftc.gov,14,recXvmHvESvjZlvpn,,
113,Onida,Swainston,(929) 8432937,oswainston34@i2i.jp,47,recpT21WG8CxmiyhN,148,93
114,Oren,Nice,(843) 4185869,onice35@ycombinator.com,69,recVSHz2BA3EGD1dh,324,
115,Anna-diana,McNulty,(329) 1097683,amcnulty36@xinhuanet.com,10,recIYDrbyqkekgBOP,"133,153,189",22
116,Gun,Jakov,(252) 8184804,gjakov37@who.int,57,reczoRRdSpXGcjmCV,,
117,Timoteo,Dyson,(124) 3867760,tdyson38@macromedia.com,86,recT7RcqzLY0BwxAi,,38
118,Jerald,Chennells,(829) 2356681,jchennells39@photobucket.com,53,recOGeFu1Qzqk3hDX,"151,410",
119,Tobiah,Martignon,(582) 9795329,tmartignon3a@mysql.com,35,recF2EZZx1clsMY0r,4,
120,Corny,Babber,(151) 5069471,cbabber3b@slate.com,58,recDG3mtFXEcaLXvP,"308,418",
121,Mano,Okeshott,(178) 4884701,mokeshott3c@woothemes.com,85,recuFPRCWWjzcsQet,,48
122,Randy,Stollman,(758) 7094965,rstollman3d@earthlink.net,43,recrtw0NEUMSMkbCb,474,
123,Vallie,Olivey,(571) 3188202,volivey3e@alibaba.com,37,rec4DqIe6iyE0Iz7g,459,
124,Culver,Izakson,(169) 2668072,cizakson3f@techcrunch.com,97,recT7NknZRmFrVNTn,,
125,Ritchie,Radley,(245) 9944808,rradley3g@github.com,8,recIDksHflIUz08pY,465,
126,Adair,Ericssen,(698) 8286041,aericssen3h@trellian.com,2,recY2p6th9yMdMaSx,,
127,Jinny,Osburn,(876) 2223229,josburn3i@feedburner.com,50,recAcs0zD9FCpTdTt,"173,351",
128,Brendis,Turgoose,(907) 6696077,bturgoose3j@nydailynews.com,92,recxL8a75zpEfYd6c,467,95
129,Caryn,Poker,(724) 5711246,cpoker3k@goo.gl,77,recevwH1MtoZd2dVR,,
130,Pepillo,Braikenridge,(832) 9572459,pbraikenridge3l@deliciousdays.com,30,recCii1WkxjDiajI2,,
131,Vernen,Wintersgill,(504) 4385663,vwintersgill3m@multiply.com,35,rec4ILVQaV8OJI5vu,,
132,Merry,Consadine,(491) 7643862,mconsadine3n@e-recht24.de,94,recffdNRE4pwaigHW,489,1
133,Marissa,Spikings,(238) 2622248,mspikings3o@cloudflare.com,20,rec7dnoPErH11dpCO,"126,349,380,468",
134,Casey,Sansun,(942) 7487192,csansun3p@virginia.edu,3,rec7JjlTkiK1uhlCZ,358,
135,Gusty,Eilhertsen,(553) 3495533,geilhertsen3q@icq.com,83,rec2Ea622GvtEV4tW,"426,469",16
136,Willyt,Staneland,(861) 3605504,wstaneland3r@trellian.com,2,recYItHhQOamcdRy4,,
137,Bert,Wilsdon,(170) 3069840,bwilsdon3s@umich.edu,5,recatVVeKqWPGjbNz,85,43
138,Ileane,Gregore,(718) 8692638,igregore3t@sciencedaily.com,97,rec37zHMtB7HZraiK,"263,377",97
139,Nessa,Worland,(352) 9966044,nworland3u@php.net,39,recSltVzcQ0Onto4u,"341,491",
140,Budd,Lory,(881) 9622930,blory3v@hatena.ne.jp,46,rec2VDcnpPMWVgean,365,
141,Grethel,McCroary,(919) 4035491,gmccroary3w@thetimes.co.uk,80,recEomZuk4Fd5Xxz7,,
142,Saree,Gusticke,(682) 2506431,sgusticke3x@irs.gov,28,recsFDPjRe7lQBFuj,457,
143,Glori,Mathouse,(696) 2895424,gmathouse3y@elpais.com,78,recqonBtKubH0m54K,60,
144,Nanci,Wadhams,(244) 2251991,nwadhams3z@goodreads.com,55,recHohR16SjpDVozR,,
145,Nobe,Sellens,(611) 4538026,nsellens40@slideshare.net,31,recF1yv325MDKXxfn,64,
146,Cristi,Kingaby,(913) 6761259,ckingaby41@biglobe.ne.jp,84,rec3AjUEvxArLJMrx,48,
147,El,Geraldo,(869) 2386493,egeraldo42@wisc.edu,56,rec0gZpr2PaR4SDO7,447,
148,Phylys,Aronoff,(370) 2909664,paronoff43@storify.com,86,rec4NKhYQFSKofZcF,,
149,Alf,McIlwrick,(591) 5586262,amcilwrick44@so-net.ne.jp,3,recedNwPCR5fNtJLG,,
150,Ynez,Brewse,(990) 6683558,ybrewse45@altervista.org,71,recQhcX3rVGOr8lr4,396,
151,Dugald,Lewsie,(815) 3063299,dlewsie46@yellowpages.com,83,rec6m7wSpjDRVVR6A,319,94
152,Kevin,Eagling,(846) 6510399,keagling47@scribd.com,48,recJvSP8D7TkTFDn4,448,13
153,Byron,Guerrier,(306) 4651089,bguerrier48@ning.com,65,recI4YPlIrpybQU5S,"136,374",
154,Balduin,Ferronier,(602) 4799023,bferronier49@clickbank.net,58,recBnYlGaiqjHvFEl,274,
155,Kip,Ogger,(301) 8331955,kogger4a@answers.com,100,recR2ccOx0tmtaIQn,,
156,Zorine,Rushe,(202) 3884605,zrushe4b@sohu.com,64,recdck0INspCqcZzB,337,
157,Evyn,Vedyasov,(815) 7728684,evedyasov4c@who.int,100,recQqpKKloIrtOf1t,"385,423",
158,Olivie,Corkan,(719) 8293950,ocorkan4d@gizmodo.com,27,recFrz9nwVr9ljqDW,"429,473",
159,Cthrine,Tomaello,(842) 2378857,ctomaello4e@e-recht24.de,61,rec8rwt1WXeDJMmjR,"118,183",
160,Zebadiah,Northwood,(986) 4119356,znorthwood4f@about.me,49,recJiHosVf4Kw8n7G,"315,348",
161,Dietrich,Shird,(364) 9480978,dshird4g@mayoclinic.com,66,recW3Pdasv0K7hSBI,,
162,Adrea,Wooderson,(256) 9780615,awooderson4h@si.edu,88,recLZvcut4TP5xqhv,"204,417",
163,Alli,Hassell,(829) 1712949,ahassell4i@cbsnews.com,5,recchyIVIYDNamTxq,"137,425,427",
164,Latia,Aiken,(738) 6588447,laiken4j@boston.com,23,recsjxXqjWcykL8Fv,,
165,Major,Harber,(346) 8443056,mharber4k@slashdot.org,90,recPgyDFAZJjWPJtd,394,
166,Pren,Sibbering,(119) 5348637,psibbering4l@opensource.org,30,recgI1FzUlTICY1yF,265,
167,Lanny,Grandham,(599) 4490252,lgrandham4m@ask.com,89,recuXfgcKZ1Pmdz0g,422,90
168,Abbey,Doubrava,(501) 9290516,adoubrava4n@europa.eu,85,recrNRX5uP9P2Ht7v,221,
169,Gail,McKim,(435) 1851264,gmckim4o@mozilla.com,14,rec2t40dw3Gn91u3t,168,
170,Roselia,Lye,(733) 1924169,rlye4p@storify.com,31,recfExQsOfAx0RHHm,"93,244,328",
171,Conroy,De Blase,(564) 4253133,cdeblase4q@lulu.com,99,recoc07cEN6UySQps,"152,330,376,463",
172,Alyosha,Enderle,(558) 2549821,aenderle4r@noaa.gov,67,recFfKGsRMDORTsvM,309,
173,Gaelan,Chaplyn,(802) 4092558,gchaplyn4s@delicious.com,44,rece1LaHc8ouns6GJ,"289,297,366,370",
174,Modesta,Vockins,(627) 2591656,mvockins4t@wunderground.com,65,rec4fOrCBi81UJoNf,332,"44,61"
175,Caryn,Winsor,(870) 4842660,cwinsor4u@businesswire.com,52,recUDj5mPMT0Sz6EM,,
176,Jesse,Massie,(520) 8111055,jmassie4v@huffingtonpost.com,97,recjQN9hpcRTacTAB,,
177,Adele,Haslin,(228) 4687544,ahaslin4w@opensource.org,26,recv2wluyIrujBUHv,,
178,Ronna,Arndt,(438) 9462200,rarndt4x@printfriendly.com,43,rec7ZB0brYfsGxU4F,345,
179,Teresina,Quilligan,(368) 5681087,tquilligan4y@cisco.com,89,recmbcSYVsVYb47lC,"146,492",
180,Tobi,Gellately,(912) 6541640,tgellately4z@webeden.co.uk,37,recKhImhJiN3EVDh4,436,
181,Janelle,Couronne,(768) 2807009,jcouronne50@google.fr,30,reca7CHQFfy44OiFp,,
182,Maurine,Sutherns,(674) 3272818,msutherns51@thetimes.co.uk,97,recqW1eFmjNNISSHT,"135,170,392",
183,Syman,Peddel,(374) 1294900,speddel52@purevolume.com,36,rec78jYLhPmXa32Aj,"121,197,285",
184,Philbert,Saveall,(416) 3866544,psaveall53@washington.edu,60,recvTyxBa9kk6zOoX,138,
185,Chrisse,Triplow,(842) 6182292,ctriplow54@typepad.com,61,recEznr5sd3GNHma6,"61,234",74
186,Helyn,Cassells,(845) 8478533,hcassells55@flavors.me,39,rect5tFb9o0s2PA8E,"209,389,397",
187,Cortie,Beek,(491) 7202353,cbeek56@forbes.com,64,recldR97h0iqsPrdv,260,
188,Horacio,Jeanon,(575) 7302335,hjeanon57@oaic.gov.au,5,recSkgip2Trns8sKZ,,
189,Carlota,Frissell,(423) 5281612,cfrissell58@columbia.edu,84,recfpV5RZPtLda0Tu,"347,391","5,60"
190,Alyson,Sheen,(203) 8884630,asheen59@cmu.edu,38,recma26Ob5Wmh1RvL,,
191,Lucian,Fitzmaurice,(391) 3299138,lfitzmaurice5a@sun.com,85,recD6B7QSKOX5POsj,190,
192,Manda,Brighty,(471) 9851897,mbrighty5b@epa.gov,7,reckWm6iOei9EHrzS,22,72
193,Guinevere,Doddemeede,(571) 5317810,gdoddemeede5c@newsvine.com,34,recN81n4aaCVjdPMD,354,
194,Jessalyn,Inglesent,(530) 2476537,jinglesent5d@prlog.org,68,recKvstSSsY3gpDNa,,
195,Arline,McCreedy,(845) 1452975,amccreedy5e@gizmodo.com,75,rec9foBWzhg7RkEQG,"53,424",49
196,Karole,Moss,(251) 2273563,kmoss5f@springer.com,57,recwSkDvY2VWZFdUB,"134,280,421",
197,Linnea,Roughsedge,(630) 7950363,lroughsedge5g@infoseek.co.jp,56,recHUc51V4HrN11Om,444,
198,Alair,Scanterbury,(819) 6963341,ascanterbury5h@lycos.com,81,recc71JVQCSkzBQXN,,
199,Halli,Duran,(286) 8999916,hduran5i@cafepress.com,60,recPZVeOi2FSd2jBs,"37,123,322",79
200,Rina,Gravener,(639) 4536244,rgravener5j@ifeng.com,45,recQk1U9QaPv6jQbR,,
201,Germaine,Gregersen,(596) 4912175,ggregersen5k@independent.co.uk,4,recOYeDUWrKy7oU03,,
202,Hinda,Wragge,(259) 3833657,hwragge5l@uol.com.br,73,recj620ai4nmpt63n,"362,480",
203,Carmelita,De Giorgis,(812) 8254697,cdegiorgis5m@hatena.ne.jp,75,recwkXJCbVtBtdCJ6,"163,296,482",
204,Erma,Luquet,(118) 2608416,eluquet5n@dropbox.com,46,recg591OqyDEdTWSa,316,
205,Quintilla,Sheahan,(132) 9101890,qsheahan5o@apple.com,18,recFcbIAATzNvU0kT,,
206,Elladine,Lefort,(391) 3589440,elefort5p@admin.ch,94,recx0HOrdyVr6yOjs,"81,471",
207,Dexter,Smeuin,(771) 4770497,dsmeuin5q@mtv.com,12,recrs3H0IQjnxxojy,"156,194",
208,Cordelia,Leibold,(315) 1255593,cleibold5r@npr.org,68,rec1LnP25ACmbAJcj,198,
209,Kerk,O' Culligan,(889) 9507133,koculligan5s@abc.net.au,79,recLI6E5oeEIKmzP3,"106,213",
210,Joell,Beadnall,(596) 2097688,jbeadnall5t@fotki.com,64,recNUILaGhIqJ6Qhq,,
211,Krista,Lapsley,(229) 2409153,klapsley5u@ask.com,66,recZjHYVlyhn3Sokl,"128,441",
212,Alexine,Roseburgh,(597) 4182766,aroseburgh5v@paginegialle.it,94,recnB3dLhLvucnX1b,,
213,Rhetta,Hallut,(874) 7004451,rhallut5w@infoseek.co.jp,84,recddDQPXjIvHYww2,"208,464",
214,Laurette,Plumridege,(243) 8981032,lplumridege5x@1und1.de,67,recx2kC0SYLjZhfQB,"241,329",
215,Rock,O'Quin,(431) 3375943,roquin5y@army.mil,71,recIIo9RFCrbCBEjC,,62
216,Vick,Damiata,(831) 8167619,vdamiata5z@home.pl,15,recbB4VRyFzP1OI1E,,
217,Anny,Winks,(531) 7847867,awinks60@cocolog-nifty.com,24,recLdfKjCtHXwmRhS,"233,384,407",
218,Dianne,Tivenan,(773) 1297764,dtivenan61@plala.or.jp,2,rec9m5zKhuzgq6NzJ,222,
219,Abby,Gulberg,(186) 2535821,agulberg62@networksolutions.com,65,recjFLDWcxnTx66Pa,,
220,Wally,Baird,(145) 8508253,wbaird63@tinypic.com,46,rectBDGSEc189vJl5,,
221,Melva,Usherwood,(388) 1519007,musherwood64@ihg.com,81,recNYXt34jmqeJJsp,"28,72,388",
222,Revkah,Cubbin,(740) 1541111,rcubbin65@51.la,45,recfox5egGaBSPy4T,493,
223,Cacilie,MacCoveney,(669) 6435137,cmaccoveney66@opensource.org,11,rec2ncvBkfZ5POKG3,"5,35,452",64
224,Travus,Stairmand,(501) 4826668,tstairmand67@instagram.com,69,recbefN0Z8LsGfMeO,,
225,Hermie,Farrens,(727) 7542783,hfarrens68@smh.com.au,30,rec3NUIKHldM77WQa,124,73
226,Frasier,Epps,(852) 9613002,fepps69@amazon.co.jp,2,recYU0Av0I9wf1Xfi,165,
227,Corny,Lothlorien,(468) 1998718,clothlorien6a@cornell.edu,80,recqp6UJnWp1NwU0K,116,
228,Felicity,O'Flynn,(530) 9417547,foflynn6b@reddit.com,45,reclEJeMCefoNtQlW,"50,79",
229,Kimberlee,Grent,(753) 5197491,kgrent6c@loc.gov,85,rec1yrC6obr9Gplb5,276,
230,Cher,Gosforth,(468) 2665067,cgosforth6d@aboutads.info,82,recNxIpdHOVGW9RyG,393,
231,Elsinore,Whetland,(783) 7905132,ewhetland6e@toplist.cz,63,recnhjos6LCCO80Tu,23,
232,Archaimbaud,Whitehurst,(653) 8567358,awhitehurst6f@archive.org,53,recPzQ1WH8GZQ5iFL,438,
233,Christy,Horlick,(900) 6030692,chorlick6g@list-manage.com,70,recGSGndgKwy5LQSm,"74,157,240",
234,Alisha,O'Rafferty,(950) 1585501,aorafferty6h@cornell.edu,68,recZImoBX5bs9G1hq,"84,228",
235,Roselin,Jansema,(755) 9327330,rjansema6i@mac.com,50,rechvMymdYlHCXNgB,,
236,Goober,De Vaan,(249) 8444638,gdevaan6j@ox.ac.uk,80,recsyUmJMyFT9HTTQ,20,
237,Nefen,Lidyard,(784) 4001368,nlidyard6k@sun.com,46,reclRTcoWKIwrr6Yn,"10,14",
238,Bern,Egalton,(828) 1765147,begalton6l@issuu.com,64,reccbq68nsFY25Zqa,"160,336",
239,Susann,MacAdie,(777) 4544879,smacadie6m@go.com,6,recWViYgkZvcPGTwS,184,
240,Analiese,Lints,(279) 2668191,alints6n@apache.org,14,recWL7tR649cPPhbk,,
241,Rowena,Clows,(724) 9331729,rclows6o@yahoo.co.jp,72,recB2230fxUpuUcJ3,95,100
242,Wait,Seldner,(840) 7831379,wseldner6p@admin.ch,46,recQtUfupYjLUAeKB,16,
243,Abagael,Durning,(765) 2080873,adurning6q@plala.or.jp,63,recOCY2gnfdPBqcTC,"88,141",34
244,Gabey,Galilee,(645) 8869363,ggalilee6r@shareasale.com,86,recPRM72cTYUJeqaB,,
245,Barney,Sills,(496) 4992626,bsills6s@xinhuanet.com,7,receeRqdjUz8AaDPt,"39,71",
246,Val,Rummery,(220) 1290565,vrummery6t@nsw.gov.au,94,recgylYsUhgAPuN7O,,
247,Odelinda,Lening,(298) 9392981,olening6u@springer.com,23,reccYAWqR95zXsBux,142,
248,Elberta,Tschursch,(558) 7205784,etschursch6v@bravesites.com,26,rec6GNqv7DWOLtQoY,105,
249,Frederica,Benmore,(423) 1615352,fbenmore6w@hibu.com,82,rec6QkriQ9v1ph8zd,"31,69,259",
250,Melonie,Top,(909) 8161066,mtop6x@answers.com,40,recxnyOaXboOpUkoa,,
251,Carlie,Van T'Hoog,(227) 1853628,cvanthoog6y@wisc.edu,79,recQCYUxMLNKT8iFz,"63,87,360",
252,Noemi,Mulvagh,(446) 9732657,nmulvagh6z@slashdot.org,24,rec3SSjoSvG1UIH4L,,
253,Ashil,Finnick,(643) 6297767,afinnick70@rambler.ru,76,recwjX6NY8ewAYuio,161,
254,Hinze,Moynihan,(323) 2452789,hmoynihan71@elegantthemes.com,79,recv5TCpQhFqXvbgK,130,
255,Gerald,Chavrin,(729) 4521663,gchavrin72@skype.com,21,recdP2mdh1lUrrPzb,"253,430",
256,Christoph,Reiners,(381) 8190450,creiners73@zimbio.com,64,recoPrTOrljyB5dwk,"49,214",59
257,Evie,Tuplin,(739) 6880936,etuplin74@ox.ac.uk,22,reczTV6VhP9Lhbq9W,32,
258,Corabel,Kubek,(498) 8102407,ckubek75@un.org,50,reccp1t1SVPOpZXwE,"131,174",33
259,Kendal,Whitemarsh,(273) 6586253,kwhitemarsh76@seesaa.net,71,reckPUXTY5Zxk0Xtb,,
260,Deina,Skotcher,(679) 1305085,dskotcher77@cnbc.com,7,recrMWvEtwKZEoqFq,"73,108,172,446",
261,Stavro,Trigwell,(536) 1683633,strigwell78@edublogs.org,59,rec2fW9aYdokm46kI,,28
262,Thadeus,Walhedd,(487) 9310944,twalhedd79@is.gd,25,recdCrEseysaHLW69,"171,231",18
263,Rayna,Elsom,(111) 4652882,relsom7a@state.gov,28,rec2p4eoGlc3WbzdM,"132,497",
264,Barnabe,Robardet,(401) 6739193,brobardet7b@rambler.ru,100,recgYGptThwXcWHl2,"206,357",
265,Rosmunda,Creeber,(679) 5952457,rcreeber7c@squarespace.com,25,rec2uPMlcJDk9crTQ,284,
266,Ryon,Coenraets,(642) 3693472,rcoenraets7d@nasa.gov,78,recjkeW4ykSuaMHBe,"372,498",
267,Mufinella,Crosier,(326) 1307516,mcrosier7e@opensource.org,91,rec7wmje9vXTK04KG,107,31
268,Ezechiel,Sellner,(848) 8626475,esellner7f@dell.com,94,recoOHhOnw4vFWpXZ,"92,255",57
269,Dirk,Crossingham,(562) 5477195,dcrossingham7g@phpbb.com,44,recQMC8g9CZvC3noq,188,7
270,Giacobo,Hampson,(972) 4031384,ghampson7h@howstuffworks.com,86,recuTg8MUjLRaz4Hg,,56
271,Sonny,Thomsson,(461) 8993632,sthomsson7i@disqus.com,47,rec5QFKSPp467Lihe,"186,334",
272,Simonette,Rubery,(139) 9034789,srubery7j@diigo.com,25,recdZavyJzCkz6Txs,"12,21,359",
273,Emelia,Burgott,(519) 5324916,eburgott7k@discuz.net,72,recjkXdmYMCkVwnJf,,83
274,Dominica,Gilliatt,(575) 8832978,dgilliatt7l@slashdot.org,28,rec2gDilMvsSMHBaS,185,
275,Shayne,Sommerling,(520) 4386472,ssommerling7m@chicagotribune.com,40,recmeVScidBvqmSxl,"67,110",
276,Humbert,Tippell,(990) 9888680,htippell7n@harvard.edu,36,recqzSVdMD2XJfW6a,"154,346",36
277,Leighton,Hammer,(451) 5472730,lhammer7o@eepurl.com,71,rec9unDlE37pk8NND,,
278,Waldo,Pyer,(383) 1248739,wpyer7p@jimdo.com,47,recZrdsQNB2ASoJOR,,11
279,Alexandra,Jaulmes,(145) 2833081,ajaulmes7q@uol.com.br,23,recUHJiok5llyP7hN,"68,94",39
280,Sibelle,Goddard,(312) 2515505,sgoddard7r@jigsy.com,66,rec9s2An1HywVhAps,"6,368",
281,Selestina,Torresi,(597) 1895839,storresi7s@reverbnation.com,37,recKUZjdvxhe6zTrX,258,
282,Prentiss,Franceschielli,(390) 8654879,pfranceschielli7t@aol.com,82,recuK6ruwMxpuCbaf,,"20,51"
283,Garrot,Halwood,(771) 9444689,ghalwood7u@ycombinator.com,55,recV1GNFBhSkYtiQM,44,71
284,Benn,Wiseman,(806) 5965639,bwiseman7v@ft.com,72,recsBWbS1cpxtPsRN,"25,59,478",
285,Ertha,Critten,(592) 4095836,ecritten7w@about.com,63,recYbIoKlT6Brey8t,"192,205,269,455",
286,Megan,Snyder,(846) 1739949,msnyder7x@eventbrite.com,51,recDepkOmHh6QBEX4,488,
287,Agnesse,Butts,(351) 4957807,abutts7y@mashable.com,74,recHRwUpO7sY4Ax7t,159,
288,Rurik,Jako,(664) 2687020,rjako7z@google.ru,56,rec85bamfbId7UmJR,"223,416",
289,Sebastien,Burnes,(514) 8669259,sburnes80@comcast.net,72,recwHmLWQBihj8rJz,191,
290,Camilla,Winney,(778) 2525328,cwinney81@reddit.com,86,recU8ggpLQmd4SYCE,,
291,Sela,Coe,(231) 2664483,scoe82@angelfire.com,4,recYXqry3DlWq9kjS,219,
292,Aguistin,Maffini,(878) 8264031,amaffini83@usnews.com,52,recz37O2GG0C8lGtk,"62,78",
293,Brietta,Moult,(936) 3760985,bmoult84@ox.ac.uk,72,recUoXzUN1dHUTuji,"162,428",
294,Carey,McFade,(761) 8451323,cmcfade85@bigcartel.com,11,rectMpGGGjhX2dKR1,,
295,Lisa,Trimming,(417) 7940046,ltrimming86@storify.com,89,rec6kt5zafe8AGSbB,342,
296,Ellsworth,Bauld,(745) 9707452,ebauld87@wisc.edu,1,recEYEr663mbWZpb9,353,
297,Austin,Saleway,(457) 5442601,asaleway88@bandcamp.com,4,recMhj2f0pl04xFKW,"80,294",
298,Lisle,Jellings,(434) 7835393,ljellings89@hostgator.com,95,recz21oBgZsonRWKx,"293,439,485",
299,Augustine,Eddolls,(636) 3612200,aeddolls8a@sbwire.com,54,rec7y837mgFZMSH9l,"91,139,320",
300,Christabel,McGrill,(485) 8813113,cmcgrill8b@foxnews.com,59,recbI9h4VgcG21qsu,238,80
301,Quintilla,Whitwham,(516) 6814549,qwhitwham8c@earthlink.net,27,rec7vTFmcb3LPFCw8,"261,390",
302,Debee,Cust,(613) 9989178,dcust8d@dailymotion.com,39,reczKlBEe4kFYqwtC,257,
303,Marita,Harbidge,(530) 5857401,mharbidge8e@newyorker.com,55,recpGqj8TlxyyobWz,237,
304,Doyle,Byatt,(691) 7756145,dbyatt8f@toplist.cz,32,recpDtQQOpmh9hjFK,442,
305,Ewart,Vanin,(715) 6036117,evanin8g@bbc.co.uk,17,recJmgrBbkqZwYW0i,,
306,Ignacius,Doxsey,(702) 3513145,idoxsey8h@epa.gov,55,reckdxIxYEoCjqevD,277,
307,Alfreda,Splevins,(869) 4517144,asplevins8i@nhs.uk,30,recrnZZe4zfkYxl5q,,21
308,Alaine,Lummis,(999) 8662324,alummis8j@usatoday.com,66,recMSCMs4o5aD11xg,,
309,Evelyn,Alelsandrowicz,(197) 5583245,ealelsandrowicz8k@sitemeter.com,39,recje5a0PJczTISIL,210,45
310,Davide,Gaukroger,(288) 2742928,dgaukroger8l@census.gov,44,recoDanwcDJoo57FA,,
311,Ambrosi,Sholem,(466) 7134597,asholem8m@barnesandnoble.com,41,recFdlbBlvYjB3czW,286,
312,Chrystal,Livzey,(728) 8341842,clivzey8n@toplist.cz,55,recV2K5h1F5vzdVXV,462,
313,Alasteir,Rylstone,(400) 1732096,arylstone8o@booking.com,55,reccRIskZxMfNjbT1,"47,432",46
314,Janis,Taggert,(530) 4559680,jtaggert8p@printfriendly.com,70,recgJmAm9Ln3Q5grh,,
315,Lew,Papierz,(831) 9357766,lpapierz8q@epa.gov,43,recuNUuntwXnvaMo9,"117,352,381,450",
316,Callida,Pietzker,(952) 2185485,cpietzker8r@businessinsider.com,49,recqGe65ZFgFtEMuA,256,
317,Schuyler,Grieg,(359) 8988766,sgrieg8s@delicious.com,28,recpGxfU15BsGOwI9,"300,317,369",
318,Corrinne,Trevethan,(824) 3671390,ctrevethan8t@constantcontact.com,82,rec7OItTvzP6joxDr,,
319,Findlay,Anchor,(816) 3846043,fanchor8u@soundcloud.com,35,recJp2FRq4w1DQO9e,"109,472",86
320,Marshall,Dubble,(750) 8366956,mdubble8v@pcworld.com,59,rec6b6wZLqY6SsWRD,"179,437",35
321,Roanna,Vasovic,(175) 5625936,rvasovic8w@so-net.ne.jp,27,recPza7wo85vBzMQQ,"125,268",
322,Lulita,Moorey,(939) 8081156,lmoorey8x@weebly.com,14,recM3NkiWhzhOoBuF,"254,470",
323,Drusie,Marzello,(737) 2280662,dmarzello8y@answers.com,26,recWLox12ulkZzICb,"177,310,363",
324,Alena,Jallin,(272) 8105640,ajallin8z@multiply.com,20,recvxGZB60ytUlwOR,"129,181,449,494",
325,Emmi,Harrowell,(870) 5722924,eharrowell90@fema.gov,73,recs2qp7DMBh5mzYm,"187,305",
326,Ingar,le Keux,(444) 7997638,ilekeux91@pcworld.com,16,recAK33M7VaTunK7g,111,
327,Cletis,Cullnean,(286) 2236121,ccullnean92@aboutads.info,55,recZxLAyHvucba97r,"282,453",
328,Hubert,Bedson,(685) 7765606,hbedson93@wiley.com,81,recyiQOOZ8x0kQEmu,"46,169",
329,Lanita,Dreakin,(531) 6676394,ldreakin94@hp.com,100,recurOI6PqoCW0nMn,"101,403",
330,Jaclin,Crowcum,(669) 4368190,jcrowcum95@etsy.com,24,recIBIWSuq9E7seY7,386,25
331,Orelee,Slowly,(102) 5727217,oslowly96@livejournal.com,61,reckOC4UcLANov1Wc,"70,127",
332,Rees,Dearlove,(981) 9739328,rdearlove97@toplist.cz,73,recyhq0UJDfxp3U9v,,
333,Lanie,Brimblecomb,(851) 8151564,lbrimblecomb98@home.pl,10,recfdV6Mj7hmaUuyn,,
334,Etheline,Coneybeer,(384) 7075022,econeybeer99@buzzfeed.com,26,recpiZAyAs2gPO9ht,"18,122,454",
335,Lockwood,Nabbs,(329) 8939421,lnabbs9a@howstuffworks.com,63,recwpAyLJSwVS1fI8,,
336,Kary,Boor,(765) 9999457,kboor9b@dion.ne.jp,24,recOud1IKl0SYsEz1,"13,145",
337,Maureene,Gurry,(100) 8885473,mgurry9c@miitbeian.gov.cn,2,recsXh3g5wZ2tWQId,"103,225",
338,Ervin,Bartlam,(389) 3280634,ebartlam9d@fc2.com,95,recNE29qCOpo6JfQD,248,
339,Catherin,Worrall,(987) 2781779,cworrall9e@diigo.com,46,reclahkbORSNFQiXX,"43,98,242,267",
340,Essa,Grishakin,(305) 4181184,egrishakin9f@live.com,81,recqrU4yVu5o1r6xC,378,
341,Christalle,Klulicek,(127) 7754765,cklulicek9g@sfgate.com,91,recumUA1suqMjkvto,77,
342,Marty,Fifield,(719) 3100155,mfifield9h@fotki.com,11,recsUhFYDcuwjLHut,"230,288",69
343,Sabine,Macoun,(376) 3922474,smacoun9i@jalbum.net,96,recKr6EST1lFvzvec,236,32
344,Elia,Prevost,(839) 5431108,eprevost9j@intel.com,36,recsTaWE16uHHLmIX,"57,97,355",
345,Dan,Gruszecki,(423) 2773733,dgruszecki9k@ovh.net,55,recv5TMljhn105sLI,89,
346,Meta,Dunklee,(996) 3124236,mdunklee9l@desdev.cn,92,rec62Bj7ncql97Hr8,,"6,52"
347,Crin,Carlin,(605) 2717098,ccarlin9m@uol.com.br,54,recMx2IpJ4S4PiXkq,,
348,Ailyn,Derington,(234) 7119231,aderington9n@shinystat.com,58,recKciI1vEpYZoGZZ,"361,409,496",
349,Ignazio,Emmens,(271) 2932601,iemmens9o@go.com,43,recZAe1lSXA3I3ZCr,"3,461,481",
350,Pate,Tyrone,(742) 2497208,ptyrone9p@alexa.com,72,recheK5A5rWFf6PCw,"114,232",10
351,Rivalee,O'Gavin,(262) 3568136,rogavin9q@house.gov,22,rec63SJcgtSFLJLli,"1,158",
352,Amalea,Calton,(189) 1998778,acalton9r@angelfire.com,32,recxBpxPkH8cD1EJS,,
353,Dex,Kindall,(451) 8667382,dkindall9s@fda.gov,34,rec2jhNrJ8Rrmlhf6,"27,375",
354,Gladys,Brobyn,(875) 4168218,gbrobyn9t@wiley.com,39,recoBVyUMsiP2HZzw,,
355,Dannie,Fobidge,(313) 6952951,dfobidge9u@cnn.com,80,recPjiBRWIb7we9iK,415,12
356,Karim,MacKereth,(451) 4738799,kmackereth9v@foxnews.com,8,recvNauGWO3tnGFtu,90,
357,Karie,Clines,(568) 4570076,kclines9w@yelp.com,88,recvflyRsfDJ0Nc4l,207,
358,Leilah,Aizikovich,(421) 1170097,laizikovich9x@symantec.com,42,recMYxu6zw8ETWSkh,,
359,Suzie,Gulley,(616) 5659442,sgulley9y@discuz.net,13,reczTFKQKDIL8bMXx,400,
360,Georas,Emslie,(431) 1707651,gemslie9z@berkeley.edu,98,recAttdUz0R6xrcec,"176,312",63
361,Melonie,Kildale,(337) 3672142,mkildalea0@comsenz.com,33,recOKu0OvjjKiCPS9,86,
362,Carolynn,Margiotta,(534) 8722878,cmargiottaa1@ehow.com,16,rec9NdoQ6tniBuyJi,,
363,Darleen,Jost,(710) 3233666,djosta2@google.com.au,51,recA4Eo8zwDvs3wcE,"9,140",77
364,Gabe,Curle,(798) 5000501,gcurlea3@google.co.uk,44,rec6qI3QdcN5xdqHz,,
365,Codi,Peverell,(625) 5737242,cpeverella4@cdc.gov,43,recheeHEFOpxdYMtg,,
366,Patrizia,Matveiko,(270) 9795465,pmatveikoa5@cornell.edu,91,rects45ihJve7RzgV,"304,499",
367,Bridget,Blatcher,(558) 4325879,bblatchera6@goo.gl,82,rechbF7VUyqV1QQYA,440,
368,Lek,McNea,(795) 5020344,lmcneaa7@thetimes.co.uk,82,recVMR4iq3w0FkFhY,"15,245,278",
369,Gray,Iannuzzi,(792) 7435104,giannuzzia8@stumbleupon.com,64,rec65eElEKDeZyXVQ,,
370,Mendy,De Anesy,(795) 3026038,mdeanesya9@dropbox.com,36,recjw2fXD5Br5VAQM,,
371,Lucille,Bresman,(164) 2792310,lbresmanaa@bloglovin.com,6,recY9RANKXLPvBiPs,"199,301",24
372,Griselda,Brandone,(579) 8218564,gbrandoneab@japanpost.jp,13,recqEOhvGkXpxAvGY,235,
373,Teddie,Barrim,(424) 7460911,tbarrimac@rediff.com,79,recJV5yJMLJ4mYvln,,55
374,Latia,Boss,(125) 1176330,lbossad@blogger.com,62,rec0br9OwiQ0nFez3,413,
375,Ede,Lapham,(592) 5314938,elaphamae@slideshare.net,54,recByJIibsAr7VP0m,167,
376,Corena,Hadenton,(737) 3951033,chadentonaf@4shared.com,42,recc0ECOc3im2NWJC,,
377,Meyer,Symington,(241) 9207382,msymingtonag@unblog.fr,47,recx0uAoL6TMaMdB1,"344,431",58
378,Sari,Linnemann,(904) 3043112,slinnemannah@paginegialle.it,4,recmJYWozpsaiHW0U,"66,224",
379,Carley,McArdell,(717) 2622957,cmcardellai@comsenz.com,18,rec5PM3IRo0CThhCT,175,
380,Whitaker,Defries,(795) 9222428,wdefriesaj@cam.ac.uk,39,recR0B8SLSMet9izN,,
381,Alisha,Boldock,(162) 2683738,aboldockak@imgur.com,28,recVeDsH4Q7rAEFCj,"119,281,484",30
382,Sauveur,Romney,(583) 8673181,sromneyal@parallels.com,63,recpmG51sAa453StR,,
383,Heath,Eaddy,(301) 3161916,headdyam@timesonline.co.uk,58,reckczYYWSoA2RpbX,,87
384,Torr,Rainford,(287) 4644800,trainfordan@hexun.com,55,recPeTh7bTaGiuO21,373,
385,Laureen,Davio,(344) 1541380,ldavioao@foxnews.com,91,recLijQwkf6GQ3uJd,,84
386,Shauna,Asplin,(227) 8037762,sasplinap@ebay.co.uk,25,recDQY9bIybzS9IQw,,
387,Harlie,Rodie,(566) 9391580,hrodieaq@accuweather.com,18,recDQQIaiZUZ6Q8go,367,
388,Roana,Klamman,(287) 5065849,rklammanar@dropbox.com,65,recPsvjCfNZLoAbKC,343,26
389,Grayce,Mullis,(116) 8843638,gmullisas@google.com.br,16,rec17aAdQwWeJF8Ue,150,
390,Saul,Mogridge,(860) 2030351,smogridgeat@ustream.tv,4,recmiA6Dvwku2F5KT,"30,434","4,89"
391,Alana,Hasker,(832) 4814366,ahaskerau@slashdot.org,20,recKrGoWIc25FuMae,36,78
392,Abbie,Owttrim,(243) 4920340,aowttrimav@earthlink.net,38,recbshbCX4frp2zfA,120,
393,Marcela,Winsborrow,(774) 2376864,mwinsborrowaw@storify.com,78,recQfX8Nlt438Yy2T,,
394,Risa,Red,(304) 7290395,rredax@abc.net.au,92,recX2LYlqhjAxX5LD,,
395,Christopher,Gittens,(916) 4018485,cgittensay@typepad.com,78,recPvlTu6xFugNaUU,,92
396,Sydel,Chuney,(244) 4757800,schuneyaz@alexa.com,36,recBw45equjuF2oR2,"52,220,302",
397,Udall,Seabon,(752) 7763366,useabonb0@amazon.de,15,rec7d8VJ7yRd4GOG2,"82,147",
398,Giorgio,Koba,(612) 3832771,gkobab1@scientificamerican.com,80,recIRRW3P8UbcJ1rM,,66
399,Gran,Bottomley,(433) 4434697,gbottomleyb2@smugmug.com,68,recW5bnO0uoWsgkdq,45,
400,Shelley,Thormwell,(793) 6912439,sthormwellb3@washington.edu,69,recfMMm8nLwLbgKQz,"11,34",