id,Proyecto,Tipo,Precio,M^2 Int,M^2 Ext,M^2 Total,Dormitorios,Baños,Piso,Orientacion,Bodega,Estacionamiento,IMG,Record ID,Proyectos_airtable,Imagenes_Depto_airtable
1,72,id,970.4,10,66,435,532,557,513,Este,checked,,1,recJKTnnUB2dwgTMu,,451
2,168,massa,941.5,15,45,460,67,122,702,Sur,,,2,recp3obPquj54Fo4c,,
3,102,venenatis,1127.8,3,95,487,402,998,608,Sur,checked,,3,recgSlk9VKFVxZdum,,
4,31,mus,1027.5,12,66,60,831,554,140,Este,,,4,rec9BxHuEdlb29vmn,145,"83, 290, 681"
5,307,nunc,1202.9,5,64,517,171,974,899,Sur,checked,,5,reclgg57aj0SXVZ7z,25,
6,419,in,1056.7,14,92,386,57,242,30,Norte,,,6,recb5TbvhTpAUilew,,"340, 361"
7,5,nulla,860.5,1,9,467,562,313,14,Sur,,checked,7,recuqu8oyRSC4yHU0,,"196, 550"
8,335,dis,1305.5,12,42,550,770,113,830,Este,checked,,8,recyLCPh7ybjw4lkO,,31
9,106,feugiat,1234.9,10,51,150,817,459,660,Sur,,checked,9,recKJZ7UciXdoaN8E,,
10,145,amet,1337.1,2,83,283,80,988,186,Norte,,,10,recTuyPzknF14j6WR,,77
11,486,leo,1333.5,16,46,985,964,397,381,Sur,,,11,recCDyXiWmgO4apWX,370,844
12,55,est,1221.9,16,89,838,202,894,990,Este,,checked,12,rec55n9sUGD2kyl53,,"505, 853"
13,430,eleifend,1481.9,13,46,302,477,312,550,Sur,checked,,13,recb4ADSB3UrLXMcS,,519
14,370,erat,1489.9,8,85,835,867,431,248,Sur,,checked,14,recfs2pT9oerQsAwa,,450
15,469,interdum,836.2,3,72,135,885,663,691,Sur,checked,checked,15,recsudP1saGv5u81j,500,638
16,445,cum,1078.4,12,62,998,972,80,359,Este,checked,checked,16,rectoVG8SHin7eOdu,,98
17,30,faucibus,1057.7,14,94,967,942,626,331,Norte,checked,,17,reca6HL7XD4yjf0d7,362,"249, 901"
18,276,turpis,1078.3,5,78,565,205,996,94,Sur,checked,,18,recJZxQX5feuxUnTT,"152,196",477
19,180,in,1174.8,5,80,354,327,214,695,Sur,,checked,19,recV3hlgDcfB2TUVa,,"355, 900"
20,103,mattis,1041.9,3,35,237,914,572,173,Este,checked,checked,20,recfls1BgM7hmCLcx,"37,286",941
21,23,posuere,1154.1,3,81,844,816,442,732,Sur,,checked,21,recMeUcKS0Ftbe9DU,67,262
22,318,in,1387.5,15,54,923,589,675,123,Sur,checked,,22,recIVTIsXNgQwkmj2,,
23,180,elementum,843.4,6,31,823,338,571,369,Norte,checked,checked,23,recMPFUj1ow5qaiWk,"279,372",703
24,194,pellentesque,858.8,10,25,175,867,477,552,Norte,checked,checked,24,recPnXXDEXkKbQwSU,123,
25,259,lacinia,1375.9,5,25,90,664,787,203,Este,checked,,25,rec30ybVP8JsdGvQ5,"272,332","440, 486"
26,345,pretium,1027.1,7,70,741,698,892,604,Norte,checked,checked,26,recNqj9QdU3UfMqrP,,"278, 490, 557"
27,39,lectus,1299.3,6,31,519,465,871,143,Este,,checked,27,recfP5nm8ypw0W0IY,,"538, 987"
28,11,mauris,1339.6,13,87,178,428,6,370,Sur,,checked,28,rectANX1t4p9CF4B3,,"830, 912"
29,380,non,843.1,2,4,217,814,17,555,Sur,checked,checked,29,recuA8dkNY3p3a9xh,418,108
30,376,ut,1197.6,2,32,679,911,22,933,Este,checked,checked,30,recAUMAw9bnzTP41B,,
31,119,gravida,1233.6,10,94,678,268,445,832,Sur,checked,,31,recGduMPb17E5xXqD,,650
32,279,consequat,1036.1,13,8,56,1000,150,120,Este,checked,,32,recyXtNkafnYB1XQi,26,410
33,447,libero,1208.0,7,41,608,630,149,861,Este,,,33,recjfqFvRr4nQ0zk3,,93
34,476,interdum,1455.0,13,91,913,627,604,635,Sur,checked,,34,recfX35bQFw0fyLX7,74,
35,90,odio,829.6,12,86,814,392,787,254,Este,,,35,rectGk1hJLEDoNudF,,
36,482,ut,868.7,9,26,553,630,155,7,Sur,,checked,36,recjggHni5Y5IYiT2,,"353, 372"
37,393,praesent,1198.1,14,45,194,836,678,378,Este,,checked,37,recJuXJsnl7qtlw2r,"257,270","244, 388, 737"
38,88,consectetuer,944.3,2,12,194,334,519,984,Sur,checked,checked,38,recfocEdP8qXNWC0L,198,
39,236,est,1194.8,6,96,352,473,339,621,Norte,checked,,39,recwVKgirfp9RSuDD,,74
40,338,sapien,795.8,7,65,808,921,272,9,Este,,,40,receCG9aQK8KEWwvH,,590
41,257,elit,1460.2,4,100,522,651,5,890,Este,,,41,recizhQtiDoB6TGoS,,803
42,123,dapibus,1267.7,14,84,862,341,923,344,Este,,,42,recAzBP4noxln7sJO,,884
43,266,nulla,1460.3,2,51,876,900,215,585,Este,checked,,43,recQ0tV6dSwXNU2Ij,,
44,196,hac,891.9,12,53,61,771,651,917,Este,,checked,44,recc6uHllX2gQPBSN,,27
45,74,dis,1032.8,4,21,598,180,209,645,Norte,checked,,45,recmUtAxoTQcdc4fQ,242,
46,255,sem,1247.2,16,26,426,186,123,276,Sur,checked,,46,recs6e7ozORAmxm5g,,
47,199,est,923.1,7,74,809,404,603,225,Sur,checked,checked,47,recrF8fnOyzaeFlha,51,
48,470,proin,1339.5,2,41,65,899,351,588,Norte,,,48,recowXlwQrQB89TZl,163,
49,1,etiam,1185.6,5,3,561,974,115,100,Sur,checked,,49,rec2UuNly5P5HrWOy,,843
50,246,velit,933.5,3,7,272,763,700,302,Sur,checked,,50,reci1RLGomDBacAck,,620
51,12,et,1172.5,9,27,218,495,768,882,Este,,,51,recp01viBu2oYLMtk,,"56, 114, 787"
52,155,dictumst,800.8,8,51,503,919,872,683,Este,,checked,52,receNiVT0XuyVzCie,164,
53,3,vitae,1377.9,15,34,108,700,877,535,Este,,,53,recIvDOZxG0yUP0hp,1,"117, 507, 629, 922"
54,229,aliquam,1483.2,14,71,178,740,533,530,Sur,checked,,54,recnNvC5Bpum2X6vt,,
55,53,vulputate,943.8,2,19,529,899,369,590,Sur,checked,checked,55,recAckuWsr8qylTbK,2,
56,320,tristique,912.0,6,45,317,430,442,66,Sur,checked,,56,rec2VeIm70fGEdZIG,,
57,254,cras,1067.8,3,12,234,27,791,74,Norte,checked,checked,57,recp3Ym0nSur5GzU2,316,407
58,74,diam,1254.9,15,47,839,615,854,85,Norte,checked,,58,rechIn8AkSJQ3XTXA,,"429, 485"
59,472,rhoncus,1357.8,5,37,230,682,845,780,Este,,,59,recHxoTwFM4XH0YYG,,
60,209,eros,1075.1,4,97,207,504,312,364,Sur,checked,,60,recVeUoAd3XNvRr5o,190,
61,4,nam,1340.6,4,21,965,867,390,741,Sur,,,61,recmOCOkWWP7IlHFR,,315
62,114,dictumst,802.9,7,8,479,236,282,928,Sur,,checked,62,recTxp0QU0bQk1qBZ,,"50, 271"
63,334,nonummy,1458.4,1,52,324,868,276,686,Norte,,,63,recS4fZk4wkOIX6Ab,,
64,76,aliquam,931.4,1,5,945,70,707,599,Este,checked,checked,64,recc3mcIHHZAngzyZ,117,"228, 911"
65,113,ultrices,1434.0,13,12,551,445,923,814,Norte,,checked,65,rec5iV2C9mubRZX4d,,
66,496,in,1289.1,5,69,264,140,189,412,Este,,checked,66,recKMJL17bcEKTX1o,,
67,342,massa,1337.4,13,42,311,869,540,278,Este,checked,,67,recNRrPI2RDDkOKRI,,
68,366,ac,1337.7,11,33,742,845,975,374,Este,,,68,recG66epH7xA9ZWIn,,588
69,303,vitae,1127.2,8,71,533,919,981,695,Sur,,,69,recn0e8lO3a406SUT,360,
70,346,mi,798.4,2,68,942,365,584,157,Sur,checked,,70,recsfWKAgcj0H5DpH,,788
71,390,mauris,750.4,8,9,851,785,657,531,Norte,checked,,71,rec8UIMGZkIYH5UvL,,
72,394,luctus,1440.7,5,99,943,995,837,778,Este,checked,checked,72,recCvdNPUOwp4Kqh9,,
73,280,venenatis,1366.9,7,49,979,290,469,236,Este,,,73,recAdnhQaAoPL1sP2,166,
74,146,ullamcorper,819.8,16,14,727,395,375,524,Sur,,,74,recTYTVSN7IAZjFDx,393,"371, 481, 752, 842"
75,72,vestibulum,814.4,10,53,420,858,695,124,Este,,checked,75,recBSUbAGwOE8rkqj,,"157, 404"
76,474,ipsum,968.6,4,51,751,462,38,834,Sur,,checked,76,rec7j2l0Vfa5yWigL,,"11, 234"
77,442,nunc,1307.6,2,71,831,547,245,562,Este,,,77,recT2KIktX5XzLWVE,,430
78,425,risus,1280.9,9,64,157,205,92,283,Sur,checked,,78,recrA6ALDrmpgigI1,,"7, 656"
79,413,turpis,1216.8,1,100,827,910,427,989,Sur,,,79,rec2ZPbtcZPop8dWX,195,
80,173,mauris,1359.3,12,30,190,24,602,662,Este,,,80,recOsszKTiD8nQLrg,,458
81,45,id,1061.8,9,19,344,869,979,691,Sur,,checked,81,recaGHdjaNuznh9j4,183,"24, 973"
82,135,pede,1154.5,5,65,911,729,492,908,Este,checked,checked,82,recgbBZ7XQWr4VMKK,415,
83,336,sollicitudin,865.4,5,51,993,595,554,40,Sur,,,83,recPyLsKiKvCukL4d,,"495, 747"
84,308,congue,1028.0,7,4,638,857,247,642,Este,,checked,84,rec9wHaUCn0ClnvuB,,115
85,84,mus,949.8,16,25,239,422,616,449,Sur,,checked,85,rec1y1ISnEfIYLjQA,,
86,472,amet,1255.5,15,53,173,771,380,950,Sur,,checked,86,recWBWnj1w1QzwZhT,,"748, 894"
87,369,adipiscing,1274.6,11,57,903,935,552,230,Sur,,checked,87,rec64YTHHsvDxu43D,,449
88,249,sagittis,983.2,16,11,785,155,206,501,Sur,,,88,rec0aaiWHASD4AyIG,"168,310",25
89,267,luctus,1066.4,12,10,306,406,604,754,Sur,checked,checked,89,recDHLdb1PWjU4SCf,,332
90,10,orci,1071.7,9,93,866,77,521,270,Norte,checked,,90,reckzpoG87FNTYEzA,,
91,376,lorem,767.0,6,46,118,234,662,188,Sur,checked,checked,91,reckmT8hr5mNrbiji,,
92,60,integer,1492.5,1,10,844,389,458,412,Este,,,92,recbGURxlq8zvcUnj,,
93,240,a,759.7,15,26,51,363,391,375,Sur,checked,,93,recD2WLaLDyJeacAc,,872
94,475,nulla,1393.1,4,42,586,781,849,809,Este,checked,checked,94,recPcVs3uB3fLGhC5,182,
95,343,imperdiet,1342.3,12,77,452,371,946,511,Este,checked,checked,95,recmMiPMGCj5E0gNY,486,
96,292,in,929.6,10,15,954,927,64,497,Sur,,,96,reclyIcqg0MKKXBqh,,413
97,143,turpis,1257.8,6,74,31,691,626,507,Norte,,checked,97,reczBpMDPe6Ln5TfR,97,464
98,439,augue,1003.2,4,62,6,680,963,465,Sur,checked,,98,recttypDZzALvO52P,,610
99,89,blandit,1049.3,3,25,508,731,280,489,Este,,,99,rec4qqbKTnslgJ1d5,63,
100,62,hendrerit,1339.4,7,2,877,678,257,830,Sur,checked,checked,100,recqaOJXS87hGTRdy,402,758
101,350,tortor,1431.7,15,23,859,429,474,595,Este,,,101,rec5eAxItr1FMVZdM,,825
102,483,eget,1062.8,13,49,857,374,471,669,Sur,checked,,102,recuViBajaqTno5ml,,
103,353,mus,1373.5,9,55,101,168,233,398,Sur,checked,,103,recIER2hNWetJ0Odp,,678
104,189,ut,1083.1,14,27,376,812,17,324,Este,checked,checked,104,rec4kkXcouDyn2gDz,434,"446, 949"
105,156,vel,1433.2,1,55,618,675,345,87,Sur,,checked,105,recvKqZVJaM19Q9Jp,365,"107, 468"
106,356,lacinia,1349.7,15,62,388,178,302,854,Norte,,,106,recZBx0xEEWzu7hOq,,568
107,344,phasellus,899.7,1,92,797,661,124,930,Sur,,checked,107,recuN14Qw2rGhp8GZ,,126
108,158,fringilla,826.0,14,79,785,584,811,39,Este,,,108,rec3nCL8PyhBygYml,193,484
109,199,fusce,1004.0,15,56,118,942,249,329,Sur,,checked,109,recx4AXD4BwAMX897,343,188
110,435,ultrices,1000.4,14,49,587,470,891,228,Norte,checked,,110,recOm1VmhFelAJ2IT,62,"92, 883"
111,489,vestibulum,1285.9,5,23,850,500,569,411,Sur,checked,,111,rectxVIGxhrtqv7q8,395,
112,47,pulvinar,1482.7,6,56,574,823,106,906,Este,,checked,112,recb9IPrn1aLFAK95,421,"910, 986"
113,216,cubilia,759.6,15,26,189,211,459,834,Sur,checked,checked,113,rec4k7E2gVkTZshet,,"204, 441"
114,196,vestibulum,1248.6,16,49,372,751,99,691,Sur,checked,checked,114,recyELfY8wYSI1PD0,374,
115,443,accumsan,963.7,2,50,559,639,608,51,Sur,checked,checked,115,rec7Oltb4i5jWQ3oc,"234,247","127, 200, 269"
116,362,nisl,1351.5,11,3,323,983,504,365,Este,,,116,recbxaOJTbJoXMCBU,,
117,22,odio,880.3,13,21,381,477,432,121,Norte,checked,,117,rec6ERFhxT2RKgtsd,,"259, 319, 394, 600, 716"
118,100,felis,1273.4,4,88,160,655,711,515,Sur,checked,,118,recYbKDEGB3QYEFkO,,
119,441,nam,1116.1,1,89,586,11,227,632,Sur,,checked,119,recxyV6U9Y69nXolo,,"804, 808, 881"
120,321,venenatis,1354.0,11,12,64,25,608,661,Este,,checked,120,recoY2y5zOm4RBKXC,,564
121,450,nulla,1181.5,13,20,769,507,728,396,Sur,,,121,recEyqCMqvK8DgcYt,"422,446",
122,16,convallis,940.4,15,33,785,581,783,323,Sur,checked,,122,recodplzRmcDXIQZq,443,
123,5,lacus,920.5,16,23,162,704,248,573,Norte,,checked,123,rec561vOuYIrP3uqu,262,"513, 738"
124,427,morbi,1134.9,1,90,731,634,391,503,Norte,,checked,124,recYZz3lH29kKksm2,,"246, 810"
125,412,luctus,1041.9,3,2,350,232,165,923,Este,checked,,125,recZwE0GT2EmMgcX8,,295
126,247,justo,960.0,7,30,621,998,208,99,Norte,,checked,126,recz1UbGD8gIUiguZ,,572
127,54,magna,1403.0,12,51,448,886,797,630,Este,checked,checked,127,recScy2WhAsjMFMqK,,
128,140,sagittis,1333.9,1,79,191,360,522,987,Sur,checked,checked,128,rec2tcIgyjP8mylZR,"308,436",313
129,398,eget,1471.1,6,30,359,125,309,467,Sur,checked,,129,recFdwYQvu4TRZmLT,358,
130,497,sagittis,1287.8,9,91,67,647,841,150,Este,,,130,recLXJi7xyUIqPzpo,,
131,446,morbi,1441.3,9,28,739,691,325,792,Sur,,,131,recBQv27xeYGVNdbZ,,"304, 648, 785, 974"
132,143,sed,885.0,12,85,17,570,146,534,Este,checked,checked,132,rec5DkOuVZdV9lK5s,87,314
133,273,nulla,1377.2,2,1,210,399,170,486,Este,,checked,133,recidnqYKHOxvE6fc,447,96
134,358,consequat,1139.5,13,60,7,947,39,147,Sur,,checked,134,rec44kYZ9dXJekqoC,,
135,403,congue,913.7,10,4,882,75,428,85,Este,checked,,135,recjWvwfo5y09gl51,"273,412",
136,325,quis,831.7,12,74,590,847,247,761,Sur,,,136,recc3cbV6rVtoL4Ye,,
137,110,potenti,1058.2,3,12,882,288,677,746,Este,checked,,137,recLUMShechSf2sch,,1000
138,474,nunc,1003.8,8,21,535,958,859,134,Sur,,checked,138,recLp9rCZNHOGQTOD,390,
139,236,praesent,783.7,16,100,95,473,704,926,Norte,checked,checked,139,recpXKz2m1St9lZ1u,408,
140,292,ultrices,931.6,1,20,128,527,806,828,Este,,checked,140,recuDdejBafGF4PnT,,677
141,66,nunc,954.9,10,97,459,52,855,119,Este,,checked,141,recr96IP7EHjx6EuZ,,"333, 954"
142,450,donec,1414.4,11,31,648,268,510,430,Este,,,142,rece006QSoGHCeeTM,,579
143,216,ullamcorper,1273.9,15,15,312,547,723,802,Este,checked,checked,143,recAkFqCZqSfCX9gk,,32
144,472,vitae,915.3,3,80,466,807,283,977,Este,,checked,144,recOnmopCxd3G8qO8,,
145,361,donec,846.8,8,26,939,190,630,936,Norte,,,145,recWoyydS72ksbG0u,171,
146,424,semper,1029.8,8,3,336,416,586,716,Sur,checked,,146,recSXCixv1ETG4dlZ,302,"819, 885"
147,256,cubilia,1050.5,10,18,20,975,484,245,Sur,,,147,rechodqw9GqcVBqPM,102,956
148,182,nunc,1326.8,5,75,824,549,914,184,Norte,,checked,148,recoXWCnsSimG13xL,445,
149,25,odio,1301.9,6,2,964,364,248,678,Sur,checked,checked,149,rec4JeqOxAD9gMYmU,,
150,362,pede,1215.6,6,22,712,349,157,93,Sur,,checked,150,recxa2R2mlmzcFP3o,,
151,498,aliquet,1311.5,13,27,334,155,290,115,Este,,checked,151,recjAPxODS0ToqCBl,,
152,193,id,1193.9,13,64,992,490,650,198,Este,checked,,152,recLxeQzsO49EXI7j,,"339, 818"
153,243,volutpat,973.9,9,44,954,568,806,446,Este,checked,,153,recIt6rLtMtUkiFGv,,644
154,108,duis,1206.3,10,84,547,338,425,579,Sur,checked,checked,154,rec8DrC2wS92o0h8u,43,971
155,370,diam,1248.1,14,56,373,45,163,513,Sur,checked,,155,recpFzBGTbtBG4QYF,,"666, 859"
156,291,eu,1125.4,4,78,784,266,610,425,Sur,checked,checked,156,recqXxdMpVsM7pvfN,154,"480, 517"
157,218,eget,1409.6,5,75,69,242,231,68,Norte,,,157,recJgD8dlIWYRBBR7,224,"14, 26, 327"
158,54,nulla,1461.5,12,7,183,573,889,441,Norte,checked,checked,158,recI86iPKYLIldhpE,,
159,317,eget,1231.3,11,24,856,607,978,852,Este,,checked,159,recPBMg7agjS1u5IO,,"104, 233"
160,460,nunc,1109.0,6,72,637,380,168,129,Sur,,,160,recNSlWGuInD1XNfm,,"3, 29, 520, 617"
161,474,elit,1227.1,1,39,466,375,69,686,Sur,checked,,161,recM0Dt13DcBa3B0K,,502
162,74,magna,1137.7,7,82,55,939,840,924,Sur,checked,,162,recixef56t72K3wMj,453,"598, 690, 797, 926"
163,431,suscipit,1128.5,12,32,660,549,152,537,Norte,checked,,163,reclthWrHeyBF2cCg,474,
164,475,sapien,1421.0,16,39,660,800,905,220,Este,checked,,164,recRsuYqBXT1TfwH9,,
165,232,ullamcorper,852.2,5,96,171,348,563,405,Norte,,,165,recFbx9nsUCXqb4bK,,800
166,426,nisl,1028.5,12,8,294,55,773,243,Este,,checked,166,recTKxVc43Jsg9io8,,
167,246,consectetuer,1371.3,12,14,370,528,282,435,Este,,,167,recAaCeyX3BkcMaYT,,626
168,221,ut,1122.1,2,89,874,821,241,709,Este,,,168,rec0MRzwYll6xQejE,388,
169,43,vestibulum,828.0,2,87,904,688,352,982,Sur,,,169,recQYsZgcoZ1RR89L,,367
170,319,tempus,1328.2,7,16,646,617,944,553,Sur,checked,,170,recPyOrRHfxFdJXnF,,"665, 863"
171,218,dolor,1210.2,11,4,124,596,5,824,Norte,,checked,171,recrWGB9yo60S7IDQ,,
172,370,amet,757.0,16,25,958,292,756,167,Este,,checked,172,recBEP4lMQMi9td4P,,
173,15,sapien,1339.6,11,53,427,550,766,635,Este,checked,checked,173,recKhQVlxcDW4FDCr,,942
174,470,donec,1414.6,7,28,707,627,390,884,Sur,checked,checked,174,rec8O8aMGKbYm43O3,,324
175,222,vestibulum,964.4,14,85,794,488,12,346,Este,checked,,175,recTC4Viq3FPXwxJI,,801
176,485,placerat,1161.6,6,70,286,30,104,361,Sur,,,176,recUWmHV1rxqeyU6S,284,
177,229,vel,1041.6,1,23,602,704,549,687,Este,checked,checked,177,recVrDgon8pVKdmWZ,"281,404",
178,307,eget,829.0,13,67,422,219,951,835,Sur,checked,checked,178,rec7jrgV9sNdohai6,122,
179,101,odio,954.9,12,85,262,459,36,270,Sur,,,179,recuHGyuasxVu0eO9,489,
180,10,dictumst,880.0,8,27,832,173,574,769,Este,checked,checked,180,recH8aBAX1pe2OLMf,180,"365, 606"
181,441,nunc,1428.9,3,8,26,18,688,356,Sur,checked,checked,181,recHAexvGbK8E8f62,,
182,68,quis,1165.7,14,64,753,895,704,19,Este,,,182,recqKzH85h9JQyvSK,"91,383",
183,435,in,1182.8,2,93,988,638,946,522,Sur,,checked,183,recPtbo0wmzLKnujY,"69,136,473","447, 622"
184,412,ut,887.8,6,92,292,888,117,845,Este,checked,,184,recSlb0q2k8bCaoiA,,
185,150,sit,750.6,14,57,162,845,960,177,Sur,,,185,recvpMPJL1xeo5bdo,401,175
186,479,cras,799.7,16,11,90,41,558,581,Sur,,checked,186,rec69n6bhHK6xkpCK,,
187,175,amet,1149.2,5,84,455,958,952,994,Sur,checked,,187,recbkqikY1cgdXrVP,,"573, 970"
188,76,aenean,1458.0,11,3,941,723,408,182,Sur,,,188,recllxB1yFxiG9jSf,481,749
189,265,rhoncus,1486.6,10,89,405,488,904,252,Sur,,checked,189,recfV3M5AFzO7QBM6,,
190,436,tortor,1036.6,16,87,827,228,893,49,Norte,,,190,recpBwIwG4lS4ChwT,454,
191,224,nam,1433.4,3,73,93,983,436,560,Sur,checked,,191,recyih4aYkq0lmrxi,210,"263, 938"
192,10,ante,1233.3,2,21,553,868,471,950,Este,checked,,192,recX2Uqk3yELkCyWt,311,"462, 840"
193,362,nibh,1271.7,2,89,152,402,187,227,Sur,,,193,recOIrvVYWP98D56W,,"110, 337, 574"
194,415,dis,1404.4,7,46,812,717,637,17,Este,,checked,194,recHQnF2Xr8hXpjKC,438,70
195,317,consequat,1033.2,12,8,781,757,571,609,Este,,checked,195,recZWbHeQZVsh3i0G,"159,347",
196,435,mus,1327.3,2,62,108,617,460,168,Sur,checked,,196,recLH5g8pnYYW8Gp6,248,119
197,348,commodo,998.1,2,10,64,947,227,143,Norte,,checked,197,recdhOWtlyPhpyqs6,,"444, 563"
198,40,turpis,931.1,9,20,9,91,14,889,Sur,,,198,rec0PnChBLsWrCHHM,"125,342,433",
199,365,dui,1093.0,16,20,459,690,435,201,Este,checked,,199,recX47ZGAnEJEkukm,,724
200,185,in,1315.2,16,97,178,655,297,793,Sur,checked,,200,recgejIoRP55S0USW,,"346, 835"
201,326,ut,898.3,2,3,981,765,571,439,Este,checked,checked,201,recSAICm8NxFfef2u,,"190, 488, 977"
202,293,at,1286.2,7,49,167,834,338,717,Sur,,checked,202,rec4i1QKYCnuMEfrk,,
203,440,lacus,827.9,13,17,149,891,376,870,Sur,checked,,203,recYJrEXQbhbaMKMn,,696
204,82,vitae,1243.4,5,58,403,863,847,834,Este,,checked,204,recbzT0DtmY7b58LD,"76,490",710
205,449,eleifend,1230.5,8,17,287,536,6,849,Sur,checked,checked,205,recRLESaTOgDlV5sk,"17,128",990
206,170,morbi,776.2,2,39,632,559,419,681,Norte,checked,,206,recj05tIIzf3fPAyf,115,
207,349,sit,1408.7,2,20,753,50,779,452,Sur,,,207,recl1v4OnJcA7sIjN,,89
208,79,ut,1061.4,10,1,615,387,549,188,Este,,checked,208,recC7GBls7SDr78KF,134,179
209,424,pede,882.1,5,15,329,921,222,977,Sur,checked,checked,209,recqff1fzOgtXmpGT,"294,442",888
210,382,id,843.2,5,48,280,460,389,475,Norte,checked,,210,recJW9ALljXWyyRiP,,"283, 409, 795"
211,287,quam,1459.0,1,94,479,58,670,991,Sur,,checked,211,recQcqzmCTyhHOBTt,,"301, 525, 898"
212,1,mattis,1373.7,11,77,886,787,318,827,Este,,,212,recNTdcv0WRc3FG5N,"156,208",992
213,34,gravida,1104.4,2,8,865,67,294,348,Sur,,,213,recwh5LaorI3Z8ppQ,142,963
214,486,in,1177.7,13,70,401,890,780,562,Sur,,checked,214,recp2NFH1uHkKUJsN,,132
215,190,pharetra,972.5,7,2,884,501,370,170,Sur,,,215,rec93lYORFRnAjn1y,,405
216,100,erat,1028.8,11,66,74,486,146,968,Este,checked,,216,recazFGLIMP3QRCjW,,
217,250,sem,1113.0,15,54,739,86,874,381,Norte,checked,checked,217,rec61fmO20bTlkuTS,197,
218,104,platea,1063.3,16,7,213,904,180,18,Sur,,,218,rec3mhwkCPQYQ8yPS,"398,407","719, 923"
219,4,porta,1224.2,11,54,341,136,931,859,Sur,,checked,219,recnhkuiZpORZEdBr,,"203, 221, 591"
220,44,venenatis,813.4,5,82,60,622,635,982,Este,checked,checked,220,recu8sD2a0RVcvdVj,,191
221,332,risus,1213.6,16,32,53,361,712,202,Sur,checked,checked,221,rec3juYxHneR34Kpl,"290,423",
222,198,tempor,819.0,2,99,434,793,957,313,Sur,,checked,222,recoiH8vSnwjTLwc1,,
223,423,nunc,971.9,3,3,687,327,714,697,Norte,,checked,223,recgPcuIG7GmX9g7d,,"822, 839"
224,357,turpis,1473.4,12,24,530,268,259,549,Norte,,checked,224,recOGWg7NxOME48x7,,
225,66,dolor,1092.7,1,33,694,460,639,797,Este,,,225,recE0JWJHRT1mlCkE,,
226,377,ut,1305.9,13,82,646,689,129,446,Norte,,checked,226,recL6wdeWbeXG9BRR,,
227,229,consequat,833.3,15,94,986,375,354,358,Este,checked,,227,recPT3QD3IirikTFl,9,"135, 852"
228,374,amet,1219.8,13,100,711,529,653,673,Sur,,checked,228,recD648qdWvWPfcew,57,
229,260,nec,873.2,10,66,724,33,331,276,Sur,,checked,229,recObd9574jq2p3rD,64,
230,10,ipsum,763.0,5,27,342,721,597,772,Este,checked,,230,recacsdOn3DpAdqHt,,164
231,213,interdum,1195.0,1,6,370,343,948,214,Sur,checked,checked,231,recQL0rTxRUaiuewM,,736
232,92,orci,764.8,3,14,611,888,557,864,Este,checked,checked,232,rectAjOtPtoShg7g0,"326,336",
233,24,facilisi,973.2,2,96,851,988,288,859,Este,checked,checked,233,recKsj95m1peBvJTk,,"252, 266, 583"
234,91,nascetur,801.6,4,62,785,850,541,585,Sur,,checked,234,recqvIFJ8vMFCKk5p,,335
235,116,vivamus,879.5,16,43,232,82,136,437,Este,checked,,235,recsLXGSShl4R1aLY,,735
236,303,donec,1033.8,16,97,378,866,71,36,Sur,,checked,236,recoVUMAy7elIsGZG,,
237,169,mauris,1290.7,10,9,174,430,69,242,Este,checked,checked,237,recV6vsaJbph02MoE,,946
238,270,mauris,1251.1,2,77,912,812,347,887,Sur,,checked,238,recrgJlX424u5oqo3,,
239,481,eget,818.1,16,46,67,670,719,603,Norte,checked,,239,recEzojU9jZgRcsKm,"211,223",
240,157,rutrum,1141.9,4,48,743,193,189,329,Este,checked,,240,recZh9McnQfsFcbCe,7,
241,282,eleifend,1493.7,9,94,737,990,879,504,Este,,checked,241,recfZAdqajljROEmH,,902
242,86,augue,1124.0,16,5,614,595,761,928,Este,checked,,242,rec3umefJPMIr9JKj,,934
243,224,metus,912.0,1,59,144,589,451,299,Este,,checked,243,recksyPzXleRS6MLN,,
244,470,mattis,990.5,5,76,557,297,493,430,Este,,,244,recNgy9mGxnf2y9NP,,662
245,102,consectetuer,1048.5,2,23,49,595,792,970,Norte,checked,,245,recDhx6uyq7aqBz8d,,499
246,32,pretium,1366.3,14,75,447,226,62,729,Sur,checked,checked,246,recEQvseL38tlF7OP,,"213, 438, 680"
247,337,enim,1433.4,1,35,833,455,960,214,Sur,checked,checked,247,recU678McJu970ZA3,,599
248,297,quisque,1368.0,14,65,893,679,891,352,Norte,checked,,248,recOutY5Gy9gZ7Ijw,420,"280, 362, 769, 920"
249,12,ligula,851.4,5,69,248,280,861,840,Sur,,checked,249,recUPgS1ExX7Tp8u3,,
250,57,montes,828.8,3,60,193,27,188,563,Sur,checked,checked,250,recbw9mawyCEM1qIq,,
251,169,pellentesque,1267.3,14,50,478,810,779,954,Este,checked,,251,recOTibWcM2SJnyDt,,
252,376,amet,1097.6,13,11,800,938,988,581,Este,checked,checked,252,recgmrpvp4EjR3w0U,,
253,230,turpis,1210.0,1,2,525,353,470,357,Este,checked,checked,253,recLNCElq6A5f3wmf,,"152, 679, 955"
254,86,sapien,1197.6,3,64,752,221,743,304,Sur,checked,checked,254,recHBCG40kJhl8YPx,,
255,279,amet,1453.5,15,54,755,637,204,153,Sur,checked,,255,recDwTZEC2FJE0OJU,218,"55, 771"
256,393,interdum,1182.8,13,7,177,856,968,54,Sur,,checked,256,reci3jAj4vktNEz6I,,
257,59,vitae,1276.5,5,43,381,167,244,719,Norte,checked,,257,recRASjl0eNToOB42,,294
258,20,luctus,1123.7,5,60,180,691,804,154,Norte,checked,,258,recAR86Wo0WNCM4mQ,,"134, 950"
259,340,tristique,1400.8,11,41,405,734,982,950,Este,,checked,259,rec3aPFOwhS2nlvdJ,34,663
260,428,vulputate,1009.5,10,97,106,206,862,109,Sur,checked,checked,260,recEkqwdeQEYo983l,,
261,345,condimentum,987.3,2,5,292,328,802,310,Sur,checked,checked,261,recpNqoDoISno0vYz,8,669
262,10,lobortis,1460.3,1,63,170,928,592,175,Sur,checked,,262,recGe3mJERhu4pC8P,,
263,30,amet,1468.9,11,63,961,452,582,613,Norte,checked,checked,263,recmOBgKDLG5QAyR1,,"498, 965"
264,106,ut,1246.3,5,97,52,867,61,703,Este,checked,checked,264,recUIN4BgFhdAobiT,435,984
265,333,vehicula,1291.6,7,83,218,810,693,644,Norte,,checked,265,recdKc31gDGbMpA9r,"227,315",
266,379,sollicitudin,1392.4,10,26,773,117,742,972,Este,,,266,recyCD6q7dQvsYIRC,,
267,187,neque,950.3,7,46,547,652,338,370,Este,checked,checked,267,recv7OM0BTCQwUZxC,,
268,85,massa,1356.8,14,16,936,372,709,127,Este,checked,checked,268,recrsmU3Yi7RL7UmZ,,"116, 492"
269,332,lorem,1020.0,6,45,991,506,846,170,Sur,,,269,rec6Ku0QnZYfon0Rl,364,"22, 845"
270,71,felis,750.9,14,36,427,9,204,795,Sur,checked,checked,270,recoQqax4MVGpL47K,,
271,23,sit,1154.4,1,27,703,312,469,292,Norte,,checked,271,recI78r08orDn5rej,,
272,481,sit,832.2,11,15,9,193,830,711,Este,,,272,recZJs05CPjSB9Ckg,,
273,53,luctus,1231.2,15,62,776,283,201,768,Este,checked,checked,273,recrmLib88uuOhbxg,,546
274,450,nibh,1295.3,8,83,247,586,810,109,Sur,checked,,274,recF3OkuJEkFKhGcl,,
275,104,lectus,1145.4,6,4,63,439,936,864,Este,checked,checked,275,recPPSSCskkCzOQMM,,850
276,240,sem,1445.8,5,95,870,730,479,520,Sur,checked,,276,recH8BuFuUdVmxbBc,392,750
277,157,lobortis,1213.7,13,73,608,466,961,233,Este,,checked,277,recLxuvEGSCCK2tJ9,201,"223, 389"
278,385,nulla,1103.8,1,23,225,579,764,448,Sur,checked,,278,recon1f4Pr2zIbP2Z,,268
279,158,justo,1316.8,12,30,498,435,529,575,Sur,,checked,279,rec0OfxwfheWYrqzw,,247
280,143,at,1218.8,7,32,99,119,412,293,Este,,checked,280,recAkyYDVyMsHEoqg,,356
281,104,felis,1419.0,3,6,784,560,62,436,Sur,,checked,281,rece7fR4Z541GPc98,380,34
282,430,nunc,1312.0,10,55,854,885,563,688,Este,,checked,282,rec1fRsTreAPlkIR5,349,
283,53,sed,771.0,7,14,57,964,334,419,Sur,checked,checked,283,recPrmQDvSVxv54sk,,
284,354,rutrum,1086.7,16,43,353,225,963,404,Este,,,284,recojDKv3e0tONDXa,229,"448, 578, 806"
285,294,pede,1078.4,9,2,499,433,388,869,Sur,checked,,285,recJuHFEqbHqiuzXh,348,
286,81,nam,1409.9,11,100,224,792,213,914,Sur,,,286,recFh5sT11RNEtieG,,
287,374,vel,1180.9,16,64,488,538,546,278,Sur,,,287,recF2B4wu8qcNWdkf,,156
288,164,odio,1368.7,11,96,136,614,562,935,Sur,checked,,288,recZwxawzx0w4XtkX,"77,480",555
289,490,odio,1416.4,5,37,664,737,138,764,Sur,,,289,recUY9I6GMu2wf7by,,
290,170,ac,1315.6,16,67,704,683,227,60,Norte,checked,checked,290,recrn0IVpM7tGQahN,,702
291,267,tortor,1124.4,10,17,408,922,270,389,Sur,checked,checked,291,reczWyp6AmOw4Pq9y,,48
292,383,at,1296.7,11,83,447,380,240,782,Este,checked,,292,recBkLYlYapAwfa3a,,
293,13,posuere,1242.2,14,33,3,572,35,113,Sur,,checked,293,recNOeIQJUDGohcdd,,
294,300,habitasse,1091.7,15,14,866,918,805,855,Este,,,294,rece4v3hl4mL7hL8K,70,"384, 720, 807, 838"
295,166,tortor,1437.2,7,76,934,822,635,20,Este,,,295,rechUHnAxkLt13qOb,,537
296,337,id,1360.2,4,59,523,485,733,441,Sur,,checked,296,rectIpJvPK27D66i7,,459
297,344,a,1006.6,16,69,232,662,932,997,Norte,checked,,297,recQ3T6O4xMF9ZtTx,331,581
298,38,lacinia,1484.5,1,59,782,314,962,186,Sur,checked,,298,recqMBDwybbvVdVmM,,
299,70,nulla,1264.7,16,80,629,295,371,568,Este,,,299,recUae2cVV6sHB7tx,,"331, 518, 592, 641"
300,250,diam,933.5,14,42,293,409,448,890,Sur,checked,,300,recm5b2dYDVJ61I2r,,385
301,203,in,1057.8,15,18,690,305,251,702,Este,,,301,recstosuhSZLSYRyb,,"325, 608"
302,93,in,997.5,6,40,804,592,688,951,Sur,,checked,302,recxMrNgMFCyq71hx,,565
303,428,felis,798.7,14,66,30,50,739,616,Sur,,,303,recWdzZNNEeTUe2TC,397,693
304,105,neque,1282.3,14,65,201,309,987,77,Este,checked,,304,recjEcrISwqlp8jtY,379,254
305,131,mauris,1195.5,7,40,111,328,489,581,Sur,,,305,recseyRqSuXX95MPr,,
306,101,molestie,1301.9,4,27,937,456,510,36,Norte,,,306,rece2qeEfgTEPeacT,,"616, 875"
307,317,amet,976.0,11,84,17,495,804,744,Sur,,checked,307,recf0o6emCr7QdFSw,207,759
308,225,quis,1447.9,9,16,4,132,337,403,Este,,checked,308,recghFHmOAN7AUSwx,,"109, 528"
309,429,at,1208.8,13,57,515,122,885,231,Sur,checked,checked,309,recerucD6vx2Tjr9E,,"368, 892"
310,9,mi,1120.7,6,51,733,338,996,657,Norte,checked,checked,310,recOosXSPAO8Xt9KL,,812
311,338,vestibulum,1436.0,9,25,692,554,564,810,Sur,checked,checked,311,recpb4Q0lq9gUzqmI,,774
312,240,ut,1074.6,13,5,5,247,261,784,Este,checked,checked,312,recu05njGIUcsSA2v,,
313,171,vestibulum,899.3,8,42,299,946,312,805,Sur,,,313,rec4BK5KujCPTqN1W,135,
314,418,quam,873.9,15,3,229,798,717,884,Sur,,,314,recBXa8OvhqjyCZht,,289
315,483,eleifend,1397.7,15,53,460,965,852,558,Sur,checked,,315,recoT2Tc6fwQImkCm,11,"306, 959"
316,265,et,852.7,4,30,638,83,197,628,Este,checked,,316,recHLVdbpFdRvFJz1,477,833
317,1,orci,976.3,6,15,443,935,217,356,Norte,,,317,recjTcq2oknxgvb73,58,
318,14,nunc,1246.6,4,91,622,783,706,297,Sur,,checked,318,recyQMhFWZqSUP3X3,,
319,159,sapien,752.0,11,40,466,727,941,940,Sur,,,319,rec8mNsp0mFXidNF3,,
320,445,volutpat,1359.4,13,55,951,77,440,722,Este,,,320,recNHwXiLqMUihL6j,"104,313",
321,228,a,1472.1,12,17,35,569,460,791,Sur,,,321,recevOgNAzsVsnFX3,299,"21, 217"
322,409,diam,1294.4,12,75,745,768,883,873,Sur,,,322,recd8s8mguxxNocUA,"65,304",
323,455,ultrices,937.1,8,88,807,584,867,354,Norte,,,323,recyll4uBhZ7aN3i0,495,
324,464,ac,1257.4,14,51,931,965,721,121,Norte,checked,,324,recbb96SYQ2frC4ny,,848
325,52,cras,993.8,8,5,926,156,465,801,Este,checked,,325,recNqaTSfu2a3gURB,,
326,58,nullam,1025.1,7,26,788,168,339,980,Norte,checked,,326,rec9Fqa62B394Nt4u,,957
327,209,nibh,956.6,16,4,967,564,336,94,Este,,checked,327,recpeqzgLSgtskeQC,327,
328,261,curae,961.3,3,30,249,617,344,11,Sur,checked,checked,328,recxSMBpEhHpJjN8N,,
329,488,at,1273.9,15,49,743,673,576,442,Sur,checked,checked,329,recMEO3qTajKq7Zty,,"326, 811"
330,460,urna,1299.6,15,43,568,25,832,243,Este,,checked,330,recsYtFectbKaWiwG,,
331,268,auctor,1159.5,8,63,612,637,721,929,Sur,checked,,331,recvh1wIUoAaLSkbG,,
332,33,duis,758.9,2,8,423,714,709,849,Este,,checked,332,recunlXDXM9XuYkWU,33,"397, 625, 740"
333,149,erat,1237.2,2,62,39,572,429,861,Este,,,333,recfAGfTsFxWQ7lou,,
334,426,non,1022.3,7,28,476,404,794,659,Sur,checked,checked,334,rechdcUyunbkhc3Pw,,"95, 255, 274, 437"
335,59,dictumst,1335.2,8,19,124,681,893,906,Este,,checked,335,recdrgJpwk8a5aPN2,,"305, 535"
336,180,massa,1235.5,1,74,100,279,647,335,Sur,,checked,336,recQsE1J6UId9V13e,375,"47, 360"
337,427,congue,1302.7,12,42,270,632,144,374,Este,,checked,337,recSPSQVo1fHwK1yw,,991
338,232,augue,1468.3,1,61,423,403,338,555,Sur,checked,checked,338,rec2sBVfgM15fnLhj,,914
339,138,eu,1034.3,7,62,223,722,175,167,Norte,checked,checked,339,recTzsDmd7fFfQAUe,341,
340,273,quis,1354.2,13,34,537,744,513,2,Este,,checked,340,recxIIbNG5dxuwWkq,292,
341,219,sed,1289.9,2,82,117,919,976,628,Este,,checked,341,rec14Tn8UZ7brMv16,"214,479","20, 767"
342,276,habitasse,1199.4,4,58,472,860,978,865,Este,,checked,342,recgDdeKGsjHCwgsw,499,"9, 54, 302"
343,315,consequat,1043.4,1,61,293,191,77,831,Este,,,343,rech41Q5VTTSN8hLW,457,78
344,408,nonummy,1472.3,4,56,594,271,502,638,Este,checked,,344,recw9QM3plBnlsgmu,,"103, 358"
345,404,luctus,1251.8,16,75,210,742,8,948,Norte,,,345,recz5PSUzFglTSfUT,,
346,394,est,1243.8,13,40,166,52,775,128,Sur,,,346,recQgcn6Zrjqt53mh,241,"395, 545"
347,462,risus,1432.8,14,91,639,931,874,52,Sur,checked,checked,347,reckZ9FJZmYY1Lu20,,"303, 561"
348,235,vel,1259.5,8,27,78,303,775,90,Norte,,checked,348,recrfVeSDTAAkriwz,,"150, 183"
349,63,suscipit,776.0,1,58,684,893,158,349,Sur,checked,,349,reca6T4ZiSfesmKNy,49,
350,243,cubilia,1392.0,14,18,232,126,499,583,Sur,,checked,350,recsdyCzZrwEfK0Kh,,351
351,157,mi,1313.1,16,6,861,676,46,738,Este,checked,,351,recmLC5rwxOxmeLOV,267,
352,92,semper,809.9,8,65,387,468,507,246,Este,checked,,352,rec2gCGe94HY4NWuf,,
353,244,vulputate,1489.1,1,96,672,441,535,31,Este,,checked,353,recAoylA1hbLsKzHR,55,
354,432,sit,1224.2,1,80,718,853,296,687,Sur,checked,,354,rec9DWpNVCWZvbLow,,
355,288,viverra,1141.2,10,89,481,916,430,855,Sur,,,355,rec4gHItUNtdcwRvo,,647
356,354,integer,1175.5,11,4,714,682,143,718,Sur,checked,,356,reclQ5Byxx5bPxulL,66,
357,379,nisl,1033.3,3,59,24,253,28,327,Norte,checked,,357,rec0AZ1BuS4i8Gq9u,,
358,96,nulla,1235.1,3,83,765,686,996,848,Norte,checked,checked,358,recHpjH8PkAS933YR,,"165, 401"
359,168,mauris,1186.1,7,54,943,626,227,251,Este,checked,checked,359,rec0r57vBKxBm7Kqb,448,"61, 522, 723"
360,156,ullamcorper,1424.0,6,12,467,416,342,690,Sur,checked,checked,360,recjTnL6izyXvDvtQ,48,"510, 947"
361,133,iaculis,941.3,8,67,10,80,961,780,Sur,,checked,361,recbRewbrkeZaIZ4C,53,"375, 425, 531"
362,495,in,1146.9,8,26,720,671,614,843,Sur,,,362,rec6Pn6yMsQ4HXGo3,,414
363,459,augue,1003.2,7,32,293,582,636,46,Norte,,checked,363,recn8vKDCBMooSGIA,,121
364,71,scelerisque,1173.9,15,73,579,171,987,942,Este,,checked,364,recokeKHVhJGXzGYt,,764
365,322,felis,1033.4,4,91,885,327,579,736,Norte,checked,,365,recZ8YyAfUlzNb9WX,32,
366,311,ut,1119.8,12,38,188,312,513,285,Este,checked,checked,366,recIqDJTyJseTmUYp,,"44, 227, 877"
367,62,id,1289.0,13,55,757,212,320,25,Este,,checked,367,recjpyRhOq7PZbrcz,261,"173, 636"
368,132,diam,978.0,12,61,130,539,797,555,Este,checked,,368,reciBaxd4EsBycYyH,,
369,473,nunc,1172.5,5,78,914,443,901,396,Sur,,,369,recNxs3XFRpo0kuQO,,596
370,412,lectus,1163.6,12,96,674,138,387,792,Sur,checked,,370,recfvRZd5bG9F4UQJ,,745
371,320,sapien,948.7,13,69,310,856,278,871,Norte,,checked,371,recB1rIC7cY9bXdWt,,"291, 870"
372,212,magna,1262.2,9,60,585,993,150,996,Este,checked,,372,recKgAkMzTMLc9kQs,167,
373,415,tristique,1298.9,11,18,806,464,949,948,Este,checked,,373,recIpQhMcvkTVUvjW,,
374,312,nullam,896.2,7,10,960,383,558,586,Sur,checked,checked,374,recNF4pq2SVKd81pe,46,672
375,192,dolor,885.8,2,23,556,334,67,914,Este,,checked,375,recwpx8p332NzV4eZ,496,
376,203,luctus,1019.6,13,100,586,148,562,663,Sur,,checked,376,rec4rW6HUmbgcigNM,,"273, 874"
377,34,lorem,948.1,16,33,979,723,730,241,Este,checked,,377,recr2nVeuRfzQodCu,344,100
378,285,libero,1131.7,15,100,906,179,974,879,Sur,,checked,378,rec2HoxGrGog9xUAO,217,707
379,2,convallis,1047.6,14,78,50,648,911,690,Sur,,checked,379,recrCE3g6jUlZS5pp,,"229, 487"
380,296,ut,973.1,5,41,455,921,645,759,Este,,checked,380,recLssjZ1onjtqMJe,,
381,97,ultrices,1010.6,11,80,900,468,744,749,Sur,checked,,381,recH8q0toQ7kfMc8k,225,
382,485,proin,1114.5,2,68,936,291,501,642,Este,,checked,382,reco2UODkAnFjEcEy,15,"890, 966"
383,65,in,900.9,5,41,778,933,484,685,Sur,checked,,383,recRusavcENYTPE1U,,964
384,137,nunc,969.4,6,39,857,944,5,754,Este,,,384,recKDsNmIrPIiM3nx,417,824
385,418,sapien,753.4,12,79,341,511,134,276,Sur,,checked,385,recsZT2p0o5L8Ble8,,878
386,372,lobortis,1282.9,5,57,253,960,310,1,Sur,,checked,386,recmYNHA9dCYjifHT,,
387,68,convallis,1449.9,13,41,895,799,696,967,Sur,,,387,recYPGhROZT1N9TaS,,996
388,399,libero,1467.5,2,85,269,605,675,875,Sur,checked,checked,388,rec5iZTFJM4xJFy5q,,"69, 220, 932"
389,125,orci,1001.0,14,34,571,309,846,943,Sur,checked,checked,389,rec17jvwbKcsPkxxJ,,281
390,98,tellus,872.0,12,24,418,574,631,783,Norte,checked,checked,390,recYQ6qvjof5PI612,,514
391,261,hac,1188.1,14,56,847,232,479,908,Sur,checked,checked,391,recNbxAyrXrjLKPdB,,931
392,87,nisl,784.5,1,31,279,323,97,218,Este,,,392,recSHJhnI5cNCQBe6,371,"424, 645"
393,379,fermentum,1078.8,5,75,283,757,660,272,Sur,checked,checked,393,recC62NE2vgqRlvv1,,"350, 357"
394,395,viverra,842.2,3,24,587,104,17,305,Este,checked,,394,recSLCMFOifH0xgef,361,
395,373,vel,1431.7,15,87,672,55,296,325,Este,checked,checked,395,recMpNacK3fFhMinX,,
396,350,sapien,1348.1,11,55,278,194,618,298,Sur,,checked,396,recs8dpLqFeE78as6,187,453
397,310,nulla,1428.1,12,81,693,227,678,374,Norte,checked,checked,397,rec3I5KmF4v1v3pQH,,235
398,411,sapien,830.5,16,66,452,225,869,288,Sur,checked,checked,398,recdaoDUtsZIBVUwZ,,422
399,352,mauris,797.2,16,6,732,980,121,926,Este,checked,checked,399,recgdku6XSlJR95zB,,909
400,367,dolor,1281.7,14,36,354,320,750,550,Sur,,,400,recoMisYW9aDXAdgW,"295,452",
401,415,eget,1313.7,8,55,542,967,820,952,Este,checked,,401,rec47SMKW0Y5ByXbJ,13,159
402,437,venenatis,1208.0,3,39,941,258,843,189,Sur,,,402,recqU7s9h0qa1Wr0Y,497,570
403,486,lacinia,1082.8,14,23,350,640,383,97,Sur,,,403,recQDYdVgAkkP2feC,,"501, 691"
404,495,turpis,1239.0,4,66,24,782,120,205,Este,checked,,404,recpqg73RugXuZfY8,,348
405,127,dapibus,902.1,10,24,644,570,214,910,Sur,,checked,405,rectBRu5fPICHvqbv,"132,252",
406,52,mus,1291.7,4,81,179,138,773,150,Norte,,checked,406,recPYiCFHnWcNH5gk,,131
407,343,vitae,781.2,13,97,502,442,22,397,Sur,checked,,407,recLjNKMr67xsSdu6,,548
408,192,suspendisse,1146.0,16,49,246,83,531,222,Este,,,408,reckw0ZEpMyEoakzl,460,896
409,264,sit,1105.3,6,81,729,852,792,4,Sur,checked,,409,rec3aHjIopYvwCmLT,253,454
410,10,dapibus,1117.3,14,50,82,912,170,207,Norte,,,410,recSeG77kEOkkJ29Z,203,
411,346,ullamcorper,800.2,7,7,187,373,469,216,Sur,checked,,411,rec8cTkvKxEMifPEv,,504
412,390,natoque,1314.6,11,96,454,724,422,624,Este,checked,checked,412,recXTvgUvcxHPsqPU,,739
413,255,sit,1259.4,16,59,99,846,76,659,Sur,checked,checked,413,recEugms66WBtAb9Q,,
414,279,pellentesque,1404.9,8,79,953,832,272,79,Sur,checked,,414,recVj75nNybnmZjmR,,
415,305,et,1290.6,15,52,64,462,69,170,Sur,checked,checked,415,recBLexu0J0Ss4WKN,177,"322, 998"
416,92,fusce,1100.3,8,2,620,830,522,347,Este,,,416,recHI61gtTBParZBZ,"41,309",809
417,7,leo,1354.8,14,23,736,687,121,494,Norte,,checked,417,rec1IvpjvVDtZXlRh,221,
418,119,blandit,1125.7,15,81,785,489,49,1,Sur,,,418,rec6PoBq4cPIbBQUZ,381,790
419,75,ultrices,814.6,7,14,958,484,898,636,Sur,,,419,recbUdFKoWZnnVlA1,202,68
420,434,at,928.8,1,12,422,366,302,328,Este,,,420,recIjYPYzrK568RYi,,
421,389,at,781.0,6,10,1,10,790,260,Sur,checked,,421,reccj4xnKEuBbu3gn,,
422,59,dui,1412.6,9,94,557,241,492,392,Sur,checked,checked,422,recwC52p67TVDTRTq,,
423,335,leo,866.9,10,43,442,594,979,305,Norte,,,423,recaxzOjDCzyPNWee,,
424,415,donec,1253.2,11,93,217,385,569,406,Norte,checked,checked,424,recMvvLkZQZ9vaO7b,,"370, 727"
425,425,vestibulum,762.4,7,46,638,3,821,10,Este,,checked,425,recrtpohaF5RG17ds,,"158, 270"
426,184,rhoncus,1119.1,12,31,666,547,931,112,Norte,checked,checked,426,recRV0qXNOKvMDJwc,,722
427,101,elit,1463.1,14,42,541,1000,886,637,Este,checked,checked,427,rec6CqevmJoDpMEGT,,"224, 618, 887"
428,152,platea,1439.1,11,25,984,55,637,237,Sur,,,428,rec8pdREarfQ0CMTs,,880
429,351,rhoncus,1324.2,4,89,771,735,328,294,Sur,checked,checked,429,recY0zdZ9dfyizJVY,124,169
430,100,faucibus,1462.2,7,85,781,112,439,58,Este,checked,,430,recMj2KdVBTeuKI93,,640
431,218,lectus,811.0,9,52,717,290,173,963,Sur,checked,checked,431,rec0UjXrudY1C9HAF,148,208
432,30,et,994.4,9,29,78,856,96,894,Este,checked,,432,rec9zjqRsIQZCo8lT,340,"94, 222, 661"
433,74,ipsum,1355.4,14,91,39,213,231,683,Este,,checked,433,recH2Fh2wtrxxRqWT,,704
434,24,tortor,1033.3,15,89,678,962,699,310,Sur,,,434,reccmry6kc3FRel6X,"157,431",684
435,244,lorem,1127.0,13,94,34,725,240,432,Este,checked,checked,435,rec9EYib7eLXNd6G9,,13
436,340,morbi,1057.3,4,68,282,2,790,112,Sur,,,436,recD2wtI8DLdqt7b5,,
437,414,turpis,1436.7,14,63,522,511,69,907,Este,checked,checked,437,recR7xsYsd3uAHKKL,,
438,18,dolor,1181.2,8,10,107,191,709,526,Sur,checked,,438,rech3BrS7wcONJs0u,,"36, 91"
439,363,justo,1377.2,6,21,787,195,90,909,Norte,,,439,recOkFXpbh9YBfPDk,,989
440,363,in,1294.9,7,9,418,553,620,204,Este,,,440,recS19eCquswTzXN0,,"142, 475"
441,229,non,1319.0,5,70,144,892,140,661,Este,checked,checked,441,recupVQtNdjb8dhdj,"14,84",97
442,453,justo,1018.7,6,65,498,926,493,613,Este,,checked,442,rec4Pj1Et01qnmDQL,,
443,248,mauris,847.0,16,7,875,926,816,998,Este,checked,,443,recaDOvZ4O8CT6orX,"172,492",770
444,95,id,931.4,14,71,852,916,855,436,Este,,,444,rec75FbRA6ZsPv3oG,260,310
445,408,quisque,1286.7,6,8,598,297,432,281,Norte,checked,,445,recNkh7OM6607ysic,356,
446,442,vel,1422.5,15,35,349,740,247,11,Sur,checked,checked,446,rec2az8SoCdypppa5,"23,440",264
447,6,consequat,1066.5,2,92,522,590,415,447,Sur,checked,,447,recy9iyEQrdC5mNCR,,"46, 366"
448,280,scelerisque,1169.7,16,18,611,17,215,841,Norte,checked,,448,rec7YDVY4bm7l7BVn,50,15
449,309,amet,968.4,3,72,802,432,784,855,Sur,checked,,449,recxD4IZdU3sKHJcT,,
450,150,platea,873.3,4,95,686,831,132,316,Sur,checked,checked,450,recxB3bUaKnJknAQw,"184,391","309, 452, 832"
451,278,nam,1245.5,12,49,163,978,118,546,Este,checked,,451,recVK27elyctVDPPp,,
452,407,cum,1235.0,3,63,133,607,591,332,Este,checked,,452,rec9HtaL0qJMScmy4,,"202, 341"
453,255,praesent,977.5,5,30,74,118,989,494,Este,checked,checked,453,recIy1B1mnsar8Ohm,,172
454,451,nisi,1223.8,11,28,189,17,519,564,Sur,,,454,recCLXjynUC1WrtVA,106,
455,266,mauris,1217.9,5,25,22,247,3,845,Sur,checked,checked,455,recgmRFMMTb5QZcNg,,
456,496,nulla,773.3,8,73,484,977,336,617,Sur,,,456,recrsdMqpZ2B0auPy,491,"4, 65, 814"
457,374,feugiat,1289.8,12,90,302,503,433,360,Norte,,checked,457,recRsTIBx5ZnXWdag,,589
458,290,amet,860.5,5,4,481,98,386,638,Norte,,,458,recR1gCawYSYzE9Yh,,"543, 746"
459,172,quis,1007.6,15,94,946,374,563,221,Este,checked,checked,459,recAwkiOtVlMyNs3O,,
460,309,mauris,1095.2,11,52,710,313,523,549,Sur,checked,checked,460,rec5D9RstpH4OvYvk,93,"379, 908"
461,431,risus,1404.8,5,55,645,308,775,46,Sur,checked,checked,461,recCmhA2a7Hs2MUCQ,,"299, 706"
462,207,risus,1082.8,16,36,315,209,506,685,Sur,,checked,462,recsEyzahbcDk9VFK,,980
463,89,justo,769.2,13,24,870,624,68,219,Norte,checked,checked,463,recTEmIx4nFrkZC0a,450,
464,138,metus,1316.2,5,35,38,328,254,441,Este,checked,checked,464,recGTt8TbAEW3wZXb,,
465,388,non,1425.6,16,52,859,627,490,534,Norte,checked,,465,recVtZ2TBVZy4iBvy,71,
466,455,fusce,1332.1,14,55,680,431,212,32,Este,checked,,466,rec1ao20osPcY0XOW,"5,12","90, 683"
467,422,diam,1448.7,8,19,592,102,339,639,Este,,checked,467,reczaz5vXtBsUMiLC,,
468,479,interdum,1026.6,15,24,594,244,818,930,Este,,checked,468,rec7vkj2msFzczo1L,"280,439","12, 619, 627"
469,235,tempor,1147.7,10,40,318,427,823,41,Sur,,checked,469,recevdiHJPGquEcA8,"42,386",
470,215,ipsum,894.0,1,49,210,857,603,493,Sur,,,470,recbOS7K3unFl04OB,464,"155, 478"
471,441,faucibus,1378.7,16,13,846,717,377,70,Norte,,,471,recbyU7mzqBHBAqz5,"238,387",
472,93,dolor,862.4,1,94,284,968,443,267,Este,,,472,recvAzYoqMvly53bd,,
473,204,nec,1424.6,12,28,548,990,857,918,Este,checked,,473,recBo4WiKUvcqoKRk,56,
474,271,sapien,1244.0,16,98,837,904,368,439,Sur,,checked,474,recwX6wDFESZm8nMI,,
475,260,congue,1277.4,7,86,220,764,168,678,Este,,,475,recYOgBIMn4CKVSTF,109,"284, 398"
476,452,tristique,1215.4,10,68,106,679,80,931,Sur,checked,,476,recQpuwtK6kvOnTIG,,"206, 434, 473, 670, 700, 821"
477,334,justo,1461.1,13,43,241,742,269,559,Este,checked,,477,receNd5zYY4ncPOdz,246,"646, 937"
478,323,platea,1322.5,2,93,293,246,279,306,Sur,checked,checked,478,recar6x02YtIDz7CZ,88,
479,359,ut,1250.2,14,6,631,594,852,260,Sur,checked,checked,479,recOplktqUuHKhZsr,,198
480,74,amet,1147.5,13,49,93,459,36,284,Este,checked,checked,480,recNb1AztWJNNaeJv,476,657
481,469,maecenas,1484.5,6,8,871,971,310,247,Sur,checked,,481,rec28EMyBAuiC2FZh,,"523, 777"
482,88,metus,1154.8,8,16,269,651,357,23,Este,checked,,482,recng4kTGzlHeTnHj,283,"51, 86, 851"
483,485,morbi,1099.8,8,66,829,296,88,774,Sur,,,483,rec5oNYub85hn1BxR,,"511, 639"
484,319,curabitur,1088.7,14,99,258,586,947,814,Este,checked,checked,484,reccK0os69fOfW4b7,274,653
485,377,vitae,1171.0,5,26,296,770,370,254,Sur,checked,checked,485,rec8DHWYgZwM2B0Iz,416,
486,5,ultrices,1110.4,12,46,601,518,712,697,Sur,,checked,486,recDbDsM7F6ay3M6g,,"35, 210, 530"
487,468,semper,765.8,4,5,324,116,377,552,Sur,checked,,487,recoQlyk92PwcGy01,,725
488,284,sed,827.0,3,79,278,729,366,741,Sur,checked,,488,rec6JYcp3zeEqcjP1,483,"232, 792"
489,422,ipsum,950.1,1,62,928,561,729,464,Sur,checked,checked,489,reckIjOlMN61aulQg,,30
490,418,posuere,1382.1,8,49,390,686,783,840,Norte,checked,,490,recKSjwKFHcw4FGUK,,
491,281,maecenas,1404.3,4,36,834,568,979,987,Sur,checked,,491,recPBuRJxpt2WNmaf,355,
492,477,ipsum,994.2,11,64,537,546,806,410,Este,,,492,recZt2ugPegnZ0yHW,,609
493,365,congue,777.3,7,33,183,997,189,285,Sur,,,493,recdEEWSITmRly16k,,"33, 576"
494,238,mattis,1005.9,9,29,691,994,902,683,Este,checked,,494,recHmNnyrtbBOqH6g,,378
495,96,duis,834.4,7,25,211,46,392,861,Este,,checked,495,recd1AvuNwUGkw8p4,,
496,125,massa,1364.8,4,3,320,460,66,296,Sur,,checked,496,rec27gaG3ygC8k9Zv,,
497,60,accumsan,1220.5,3,22,12,163,332,305,Norte,checked,checked,497,recJh7QlwmHiHWgJ1,212,146
498,61,bibendum,770.7,13,54,90,471,796,757,Sur,,checked,498,recjZJNpHhv95lZNk,494,580
499,171,nulla,929.3,2,48,227,35,782,126,Este,checked,checked,499,recod8sJQZg7iYI73,,858
500,467,in,954.4,3,83,908,839,200,977,Sur,checked,,500,recchfdEKJ6G8DvVk,4,
501,201,nulla,765.3,3,32,603,627,870,125,Este,checked,checked,501,recPHwPmlMoPy6gUf,,905
502,134,amet,1315.5,13,24,130,952,783,956,Sur,checked,,502,rec53UtCIAvbk59mJ,,
503,182,amet,792.4,12,91,512,891,680,392,Sur,checked,,503,recI1VBuXwhecxdOE,,
504,129,dictumst,1348.5,12,75,295,387,680,369,Este,checked,checked,504,reciJbaVJ4JxROVyU,,"472, 834"
505,345,ultrices,1350.1,12,48,348,249,272,544,Sur,checked,checked,505,recftRHUYLzTXlVIO,"108,485",125
506,108,quam,860.8,3,53,853,953,524,303,Norte,checked,checked,506,recxkw5RlZC7ln0OW,,"924, 988"
507,72,turpis,1367.0,12,91,692,48,101,809,Sur,,checked,507,rec55iwrfZqskcm0K,"245,318",
508,327,ultrices,1431.6,3,5,983,561,360,384,Este,,checked,508,recDpuDShXdHFb0Yz,,219
509,283,ut,920.0,7,12,116,441,699,775,Sur,checked,,509,recNOzc5JkDvlerwz,,904
510,361,non,1222.7,15,90,186,103,11,536,Norte,checked,checked,510,recqNifRusqPdiaDS,,415
511,124,dui,1408.6,1,69,961,267,200,290,Sur,checked,checked,511,rechiz2mEpiSFHVm1,35,"79, 145, 899"
512,386,faucibus,1380.7,11,11,481,20,19,83,Este,,checked,512,reczdvdAWmvaf15PS,237,816
513,21,nulla,901.4,16,34,685,732,879,678,Sur,,,513,recbMLfJIfpBzCLe7,119,709
514,289,cursus,1047.1,13,54,138,116,584,696,Sur,checked,,514,recTac12WzB9pBlRJ,,841
515,295,tempus,830.9,4,78,538,392,904,199,Sur,,,515,rec0En8KbZQeucAoC,377,671
516,163,pellentesque,885.0,7,41,395,450,120,431,Este,,,516,reccAqpUOTLs9fWH8,,"849, 913"
517,310,sed,998.8,3,27,74,179,871,946,Norte,,,517,recYyBDxLE6XA7Xhg,206,524
518,128,vulputate,1390.6,2,100,4,831,373,117,Sur,checked,,518,rec4pHGqoQ1R11N0d,,343
519,428,dictumst,999.9,16,50,725,762,732,185,Sur,,,519,recO2nsXzo3DH1QIT,"385,410",
520,195,sit,1347.9,9,54,576,76,220,762,Este,checked,,520,rec6Az4QwPkqWjEaG,"200,285","668, 828"
521,329,risus,805.8,12,18,628,424,756,632,Sur,,,521,recYVBlbCg61sWTjq,,
522,267,nec,870.6,14,30,44,516,16,74,Sur,checked,checked,522,recP4gdHmUiQKMOAw,,
523,481,ultrices,1369.6,15,82,363,47,323,8,Norte,checked,,523,recyd7bIv8PePo7mJ,,"282, 382"
524,342,interdum,1127.0,13,83,378,762,69,13,Norte,checked,checked,524,reciM85marY8Uig73,,
525,40,risus,1090.7,14,87,974,147,381,580,Este,checked,checked,525,recWPQiFIDqnbvCgD,,
526,44,maecenas,1483.8,15,59,884,240,641,709,Norte,checked,,526,recvMXd12Lgb0mcIr,"29,219",
527,219,libero,1194.6,2,16,832,702,116,436,Este,,,527,recVbiEFghM0siKcg,"312,394","285, 442"
528,309,orci,1477.9,11,90,627,134,83,45,Sur,checked,checked,528,rec0s5kwiV1g88WaE,139,
529,244,gravida,1046.0,5,40,633,685,887,596,Sur,checked,,529,recpiobJ21DZqOW64,73,
530,369,lorem,1244.8,6,36,292,768,256,45,Este,checked,checked,530,rec3MgzwzeuSObWyI,,241
531,422,porttitor,1191.8,6,23,63,371,309,110,Sur,checked,,531,recWI1K3wgRTvw53V,297,
532,381,phasellus,922.5,7,51,676,364,376,824,Este,checked,checked,532,rec0wSPfA6ObBHqW9,,369
533,188,vel,793.2,2,30,991,904,530,390,Este,checked,,533,recI4sxKPYxjcXPn7,"79,317",432
534,481,amet,771.9,13,71,289,939,981,45,Sur,,,534,recequ0VJLSTjyQx5,,"515, 860, 864"
535,326,in,1027.1,12,80,691,381,957,570,Este,,,535,recFd9HwUo3oUqcbP,,85
536,203,consequat,1074.5,4,69,580,64,202,734,Sur,,,536,reczL2fcWiP4WqQps,,171
537,415,augue,923.8,5,18,233,125,368,22,Este,checked,,537,recsouuIw5qn3IFLq,,829
538,421,convallis,944.1,2,93,197,260,271,699,Sur,checked,,538,recnMkxYzNOupkXTQ,,"612, 862"
539,227,leo,1412.1,8,15,254,259,636,854,Norte,,,539,rectcHSKzyp7WfNvb,"86,233",167
540,181,et,852.7,12,70,991,799,103,239,Este,,checked,540,reccAHje9f1R6zj5p,,
541,226,sed,1483.4,4,28,769,290,439,95,Este,checked,,541,recpKtVz3ruXxmTGP,,577
542,272,augue,1453.4,2,33,931,1000,238,832,Este,checked,checked,542,recXSkfTBSs2t44U1,121,
543,277,turpis,928.0,6,40,238,74,895,847,Este,,checked,543,rectFkown8BSR1xhF,,
544,473,in,865.7,10,90,535,299,322,838,Este,checked,,544,recpk78sFPy1K3N8M,,"533, 751"
545,410,augue,976.2,14,2,219,679,457,781,Norte,checked,,545,rece99cjUIQOLB5zj,"301,328",
546,343,curabitur,921.0,9,97,645,11,793,318,Sur,,,546,recHa0gzZeGqckf0l,141,88
547,81,id,1494.7,7,26,471,485,305,829,Sur,checked,,547,rec4qEdt7AqtvQYQF,,
548,237,ultrices,1454.3,9,2,286,351,4,260,Norte,,checked,548,reclEKIEX3Yl6j9n9,,"713, 778"
549,198,volutpat,1094.6,8,97,415,315,46,911,Sur,,checked,549,recXAxbd37RZXgd3L,"338,399",802
550,327,lectus,1375.5,15,19,692,621,160,357,Sur,,,550,recyumrocKStkgRn2,,
551,254,duis,766.6,6,78,633,761,745,931,Este,checked,checked,551,reci7lR0fPpWV5Dgp,461,
552,489,mauris,1385.4,14,80,286,106,289,287,Este,checked,,552,rec1RgMSTcsjbsGNL,146,
553,219,habitasse,1105.0,6,10,857,704,4,600,Este,checked,checked,553,reckjtJXSElwS4kNW,351,
554,78,mattis,859.0,13,16,537,648,351,202,Sur,,checked,554,recc828TzwnhVbDz1,,"40, 298"
555,482,praesent,1388.9,14,37,828,931,985,820,Sur,checked,checked,555,recxpNBVt23rM6qda,,997
556,168,lacinia,1122.5,11,34,861,557,148,136,Sur,,,556,recODVZJawLlNBjYj,426,"742, 999"
557,480,pede,796.0,14,51,428,839,491,541,Norte,,checked,557,recHPCQKUd86oBSak,"153,209,462",695
558,342,congue,881.4,9,11,183,460,221,97,Norte,,checked,558,recsfIpDbMkGr0P7R,,
559,324,congue,1117.7,1,16,358,872,568,374,Este,,,559,rec4xlW646ua7ZO43,18,780
560,74,eget,1077.5,10,65,82,27,974,987,Sur,checked,checked,560,recuNiwHXaaxbNxve,,
561,407,in,998.5,13,49,559,601,251,664,Sur,,checked,561,recOgPqr3P2bnNixp,178,698
562,342,est,1426.6,10,54,420,535,3,804,Sur,checked,,562,rec5vi3VSGN5Swklt,287,
563,496,ac,1159.6,10,7,766,600,893,113,Norte,,,563,rec8pNZP9Qq9DaRau,265,
564,148,aliquet,974.0,4,31,110,996,623,855,Este,checked,,564,recjJkazqOpiCdZYS,,728
565,57,proin,1306.2,6,59,180,525,945,301,Norte,checked,checked,565,recZpMfomCrNkjbP4,,"81, 836"
566,87,metus,1106.3,8,66,507,556,468,408,Este,checked,,566,recb3BXciNUeiFbkh,"127,310,321",130
567,394,sociis,1384.6,4,98,655,545,704,287,Este,,checked,567,recHbxNHoVc3jKR5O,"80,428",799
568,400,nullam,1111.0,11,16,542,811,829,848,Este,checked,,568,rechZLvFWi3njhAlb,,439
569,386,ut,1206.5,4,60,540,603,120,858,Sur,checked,checked,569,rec9uQDtenSovy6ka,,
570,265,lorem,1254.6,5,37,136,797,808,889,Sur,,checked,570,rec86Qovl4uEXziwY,"36,275",250
571,218,in,1332.6,16,43,392,953,421,60,Norte,,,571,recFhDgJgVYcO06xP,78,
572,307,quis,1038.5,12,24,615,799,810,398,Este,checked,,572,recHRY3sg2uVb99r0,339,886
573,57,dictumst,1111.8,1,19,534,367,501,937,Este,,,573,rechwKlnfMCah1NIs,359,
574,437,rutrum,1154.4,4,44,697,503,449,159,Sur,checked,,574,recIepZyacO4FOE8S,,927
575,370,curabitur,860.6,4,100,74,945,286,660,Este,checked,,575,rec9INNUyDYBONEbv,110,"919, 1"
576,450,pellentesque,1485.7,9,39,420,280,825,67,Sur,checked,,576,recum1LrIpVPcFPFt,"20,463",
577,309,platea,1027.2,11,4,390,348,856,879,Este,checked,,577,recf1bSCdEaHdtLi2,244,
578,316,in,1118.9,16,21,920,493,664,438,Sur,,,578,recTnMT5fSP2CMRq9,,"296, 907"
579,12,vel,1109.1,13,35,908,615,600,572,Sur,checked,,579,recuD828tKMQANUqv,,521
580,177,proin,1009.5,8,7,802,420,439,113,Este,,checked,580,rec3YqIYTAXulBHQA,,
581,32,duis,1349.5,4,42,503,45,379,615,Sur,,checked,581,recl62Bsvg5ZkmJNq,,"431, 562, 692, 945"
582,271,placerat,1117.6,11,28,476,936,968,3,Este,checked,checked,582,recmv7PFyM2bpj5b8,,553
583,10,nisi,951.7,7,49,800,973,488,620,Sur,checked,,583,rec8hWuxz25yzVreT,,
584,103,purus,1300.0,9,2,864,227,120,810,Este,checked,,584,recxIqyrWz2r7VVDF,,"2, 951"
585,161,sociis,750.9,14,90,411,412,830,983,Sur,checked,,585,recenvuizsuM1Z40V,,643
586,85,sit,1208.6,2,40,606,445,591,616,Sur,,,586,recg9vqL81wgVzcsl,,"67, 323"
587,69,enim,1286.4,10,2,939,12,359,335,Sur,checked,checked,587,rect5wqnYVhpL49QX,"89,92",320
588,387,erat,1292.8,10,67,821,822,454,258,Sur,,,588,recvjkiAGUqt61tuY,322,491
589,344,pellentesque,947.9,1,63,626,878,340,209,Sur,,,589,recm6RiMXZH5dmIGm,,
590,306,aliquet,1016.7,3,63,293,803,692,883,Norte,checked,,590,rec7Zmwg1z9rr1NLD,,793
591,492,lorem,1220.1,15,5,211,31,740,370,Sur,checked,checked,591,recaPEKIEFKkkJ4yX,,
592,47,pellentesque,1374.9,16,98,939,186,649,834,Este,checked,checked,592,rec1cdNBQTQVtVwsf,216,
593,295,etiam,1152.7,2,92,274,72,48,656,Sur,checked,,593,recmun6UTaP4Ytu46,112,154
594,281,convallis,1184.1,4,33,696,452,376,827,Este,,,594,recyJL1AqlzJzAnaR,,
595,356,magnis,1069.0,5,99,238,622,171,100,Este,checked,,595,rec6cj8szJ8FQF454,,272
596,195,luctus,925.7,13,86,636,555,947,561,Sur,checked,checked,596,rec29QprgLi8GEfNZ,,238
597,200,erat,1267.6,16,69,264,496,719,814,Norte,,checked,597,recoP3wwfh6GeyNy1,39,
598,42,nibh,1430.9,2,45,568,844,526,575,Sur,checked,,598,rec4oZpMFg0mPBJbd,,697
599,391,faucibus,769.8,15,57,890,460,757,542,Este,,,599,recOqyv4xhb4qqNaa,"133,471",311
600,69,ipsum,1290.8,12,42,853,154,467,297,Sur,,checked,600,recuETmXWTpcm0SgI,"176,314,466",
601,307,sapien,821.0,15,83,480,609,380,990,Este,checked,,601,recIEGSAuYK4B8sSw,,
602,302,dui,1486.2,5,86,135,430,931,183,Sur,checked,checked,602,recOd1CpZHHvof1nP,,
603,254,imperdiet,821.4,15,11,268,810,855,269,Sur,,checked,603,recdjO9F7l9aYNmxV,,820
604,269,at,865.2,8,3,598,738,109,977,Este,checked,checked,604,recgzkNgjau7wBBSe,,99
605,355,risus,750.1,5,86,12,323,194,355,Sur,checked,,605,recYRvKGSe2srIRx0,90,705
606,214,vestibulum,1040.0,16,2,162,257,8,759,Norte,,,606,reciipywFrgwTbGeM,,
607,14,nam,1255.3,12,71,423,697,558,645,Sur,checked,,607,reczyppMRBBzIDzYP,,"8, 153"
608,489,felis,1265.2,7,42,936,176,455,949,Este,checked,,608,recA1gtlMeVqp7bYc,350,427
609,418,ligula,1383.8,11,24,874,96,160,909,Sur,,checked,609,rec25l87kB6OPHMmJ,"31,175",817
610,4,aliquet,1349.9,8,8,561,692,402,655,Norte,,checked,610,recE7IoU5d6DEHOBk,357,
611,135,porttitor,881.3,16,6,899,291,454,582,Sur,,,611,recgwFliaWMHD0UNU,,
612,133,fusce,1491.8,15,4,993,916,38,250,Este,,checked,612,recijfwSjlWgd3Gsv,,995
613,188,urna,1216.1,8,67,309,35,922,256,Sur,checked,,613,rec4YU4D2MSZdKEVu,99,"101, 288"
614,306,sagittis,1389.0,1,19,782,858,944,854,Sur,,,614,recj70O9VxyeWqA6A,75,
615,380,in,1274.7,3,54,497,420,945,488,Sur,,,615,recMGZDcWid5z90Z8,,"867, 985"
616,425,lectus,805.7,5,27,775,392,227,79,Este,checked,checked,616,rectO84tYDtkIrDCm,38,755
617,255,vel,1201.5,11,86,797,161,87,194,Norte,,,617,recykEFc6Ywk89RX7,,"106, 729"
618,266,felis,910.2,9,68,783,506,279,757,Sur,checked,,618,recilErN0OhhGNXvR,,
619,414,consequat,952.5,1,98,879,359,453,175,Sur,,checked,619,recQzJTQXtVGmFfRC,143,768
620,195,blandit,1233.8,9,56,534,955,841,273,Este,,checked,620,recIJSYjCTAUsYbfY,"169,369","161, 195, 445"
621,436,lacus,1138.3,15,46,867,862,463,688,Sur,checked,checked,621,reccrkuBK9Gool8wp,,
622,320,amet,875.1,3,69,352,670,623,458,Sur,,,622,recoRg1xEtBjX4uBl,"83,354","815, 933"
623,183,tempus,1441.6,4,61,88,465,991,71,Norte,checked,,623,recBhzJOiCQnLlrpc,,214
624,461,elementum,961.6,9,6,104,643,153,356,Norte,checked,checked,624,recc5U3lHLMfKjPTX,181,"189, 779"
625,116,aliquam,960.8,7,19,399,351,931,648,Este,,,625,recAGDe5MGrpgke4H,,"58, 961"
626,489,molestie,1295.1,15,44,85,387,20,478,Norte,,,626,rec0oRjWsCOTSNlZV,,"701, 733"
627,427,erat,791.2,1,58,311,901,771,464,Este,checked,checked,627,recEraKotodAsvSeG,"231,449","53, 192, 345, 784"
628,313,mattis,1199.0,3,18,250,379,481,533,Sur,checked,checked,628,recSbcYTnfvzIUl6a,430,593
629,394,curabitur,1274.5,6,71,399,187,401,645,Sur,checked,,629,rec0cesCUogGcVoJl,,
630,159,est,1026.9,5,67,962,226,650,546,Este,,checked,630,rect5Scx3QGLpgy2y,,"149, 694"
631,408,ultrices,843.3,12,86,752,157,422,592,Sur,checked,checked,631,rec5m9B9EtrfMdtQF,,
632,182,vivamus,1483.8,8,61,756,34,669,887,Este,checked,,632,recenT2E9swfvvBrP,,633
633,451,convallis,1001.3,7,23,24,347,881,120,Este,checked,checked,633,recWQW1f32ijtKpCo,,"80, 847"
634,186,eget,1231.4,8,42,856,895,177,219,Sur,checked,checked,634,rec1qNGCuGWuBRlHW,,39
635,11,lobortis,846.5,4,42,341,490,930,713,Este,,,635,recKqWtPF5hG3ovYF,129,
636,265,nam,1395.6,5,52,400,254,16,895,Sur,checked,checked,636,recbHmxaQ0DL9Vq9L,,120
637,51,nec,1150.1,5,12,54,692,996,277,Este,checked,checked,637,recchI3ERZ6etiZlQ,,
638,250,consequat,1456.1,2,93,491,323,78,525,Sur,checked,checked,638,rec337sz0KAkbFqAv,,
639,402,dapibus,1208.4,10,9,855,249,108,931,Norte,,checked,639,recD34jh81lYiQo2R,59,686
640,278,lacinia,832.7,15,43,390,370,425,808,Este,checked,checked,640,recjhrKaYabfCLHax,,
641,148,eros,1303.0,1,65,113,677,408,845,Este,,checked,641,recs5T07Z0WZr8Zvd,220,"551, 558"
642,175,hac,1224.1,8,86,993,701,526,693,Este,checked,checked,642,reccwBl6vLwFhsACn,,72
643,31,rutrum,1211.0,12,8,222,904,734,64,Este,,,643,reconJbzCxkup1XVE,,993
644,287,molestie,915.3,4,13,745,657,13,8,Este,,,644,recwLwD9HBZo7YpNj,,876
645,381,volutpat,758.3,10,91,980,351,294,967,Norte,,checked,645,rectj9XrSCddKPP6t,27,
646,10,sapien,986.3,5,40,578,900,471,853,Sur,,checked,646,rec9cUFPfXrz1wewR,,258
647,334,habitasse,758.0,15,69,378,984,455,484,Sur,checked,checked,647,rec0nooYG72vLhl9d,,652
648,274,magna,913.5,16,53,458,581,840,256,Norte,,,648,rec4Uk1bANjXyMKyB,,123
649,158,quis,1187.9,10,27,418,760,425,1,Sur,checked,,649,recJcUJliRm469wHJ,,"216, 239"
650,337,vestibulum,1286.6,3,93,921,820,53,113,Sur,,,650,reccdOPDUPYncJxm8,,"28, 547"
651,394,turpis,1343.2,7,46,416,322,563,779,Este,,,651,recOjL2XoHChLBojo,,
652,156,diam,1315.8,1,38,946,46,828,305,Este,checked,checked,652,recpHQH81X2SbcPOJ,"19,437",
653,59,convallis,1426.6,8,90,621,703,460,798,Este,checked,,653,recCv9rlwfMQ0AUKg,,
654,467,dui,1053.2,6,5,299,363,192,303,Sur,,,654,rec0RywkDfU1mNs82,,419
655,331,sapien,1000.9,13,30,789,958,740,256,Sur,checked,,655,rec5VC8nqqeIUisoy,,199
656,62,quis,1080.4,9,42,173,335,145,980,Sur,checked,,656,recPAOOJEJxdpdw0k,,"16, 381"
657,204,etiam,1252.0,15,17,127,38,793,622,Norte,,,657,recW9OdoFdHE87T1Z,,66
658,21,consequat,979.5,8,8,195,64,602,398,Norte,,checked,658,rec6EOgIcQq1Mmdqj,,
659,65,eget,1247.1,9,11,418,466,619,135,Este,,,659,recCxmnK3Z1aNPzg8,,675
660,215,dui,1117.7,1,57,733,252,340,595,Sur,,,660,recSIQfiZ3zCgqEjl,,823
661,259,donec,892.4,16,98,475,362,32,869,Sur,,checked,661,recLh46fUD9cuej2R,,893
662,455,sagittis,892.3,4,55,505,732,578,28,Sur,,checked,662,recK0CjvejuhlDNgn,,855
663,494,dis,883.8,9,51,64,384,218,685,Norte,checked,,663,recs3NWq3P6FzBqBC,,211
664,323,primis,1209.1,5,74,277,154,16,887,Este,,,664,recYC77lTOXgnU8wr,199,754
665,350,donec,1296.7,13,74,27,739,616,473,Norte,,checked,665,reccXvcxBGmkpEuMt,68,762
666,33,in,1335.2,13,91,377,576,385,161,Este,,,666,recUfVDPABzabpEm3,,712
667,199,nam,800.1,15,74,368,451,384,668,Este,checked,checked,667,rectEko4gjn1t3Jf5,,726
668,317,turpis,1322.8,13,31,826,900,443,523,Este,checked,,668,rec0jGF2zb9XIJVLG,,968
669,127,lorem,759.7,5,28,767,148,223,417,Sur,,checked,669,rec1mR5gfULZ7VN6a,,402
670,430,velit,903.3,13,52,206,936,651,491,Sur,,,670,recQId7eDe7BxC9zz,"259,305",64
671,29,magna,1351.4,6,42,228,889,357,339,Norte,,,671,recHSp6POxfsTeH7Y,,962
672,407,diam,1276.1,6,64,607,664,436,243,Este,checked,checked,672,rec7yV8ukSpoo7xBO,"323,425",813
673,351,ipsum,1389.8,4,47,990,962,735,176,Este,,checked,673,rec54pkcWSApgZcMr,"138,429","59, 261"
674,279,morbi,1148.4,4,5,795,888,271,270,Sur,,checked,674,rec2va0rrEw5HNbpO,"140,186",
675,461,sed,1428.8,11,57,579,423,395,415,Este,,checked,675,recHqP6VALlFFJwtc,,
676,24,nibh,1158.6,2,23,670,256,533,44,Sur,,,676,rec29Rnq0qWl3kTEH,"406,468",
677,75,vehicula,1142.0,3,97,573,822,316,705,Este,,checked,677,recJQY7pka5f8j8Iq,396,359
678,206,curabitur,1222.0,2,19,910,115,137,744,Sur,,,678,recAxUuvlpTariBch,,71
679,267,justo,932.7,14,91,378,408,454,965,Sur,,checked,679,recz7spQMe17eeE3e,,
680,221,cubilia,943.1,6,14,515,823,464,334,Este,checked,checked,680,reciyH9JXyH8wiAgC,155,"176, 503"
681,152,interdum,1103.6,9,72,818,573,912,650,Sur,checked,checked,681,reczzHQUmBFi9tAaf,"72,432",124
682,250,in,1017.9,11,69,830,208,939,887,Este,checked,,682,recUGvRGMxglLxo6H,,"293, 916"
683,462,et,898.4,8,76,426,171,110,820,Sur,,checked,683,rec6q2WiXPCcvuVMQ,94,"57, 906"
684,174,nulla,1226.0,11,31,697,20,738,835,Este,checked,,684,recWVjHKNd9J52aYD,,186
685,433,elementum,944.1,15,14,909,935,451,47,Sur,,,685,recA7MOfB5sn9tKlH,,316
686,216,libero,995.2,7,97,994,560,524,16,Sur,checked,,686,recTzthkk9QxTDWx3,,903
687,80,nec,974.7,3,74,942,489,278,180,Sur,,checked,687,recqHP7sslrNpTLVh,,"151, 773, 983"
688,363,amet,1387.5,13,87,647,892,647,603,Sur,,,688,recG66ITO6DpPIz2K,,699
689,209,nibh,1025.3,6,42,767,392,966,793,Sur,checked,checked,689,rec2cXtueHNFVghjw,,"122, 857"
690,350,pede,1216.8,4,39,228,737,229,118,Norte,,,690,recc624FMXBAnwdfL,,846
691,104,arcu,1497.5,2,16,453,62,585,444,Sur,,,691,recxTESnV0OagPYZe,,"460, 526"
692,489,odio,1072.2,5,36,134,429,593,992,Este,checked,checked,692,recGv5patSkDNMpqg,151,141
693,12,felis,1208.8,3,97,214,660,745,105,Sur,,checked,693,recRt2ILGMvb6zUuV,,
694,269,ultrices,762.6,1,93,354,481,835,44,Este,checked,,694,recVyoVUyA6dI87Or,,"655, 761"
695,444,urna,1372.9,9,58,953,597,883,285,Este,,checked,695,recTPZPKkNmH2Uqh8,,
696,481,felis,936.1,3,3,518,351,365,634,Sur,checked,checked,696,recZcc7FmB29VU76g,228,730
697,169,consequat,1444.4,16,33,18,297,354,251,Norte,,checked,697,recB94fkeFXd3VBTD,,
698,465,convallis,1283.1,10,11,434,691,878,62,Sur,,,698,recMaZhSvhxnqpLk4,61,
699,456,habitasse,1095.7,13,79,847,956,184,622,Este,,checked,699,reck66aRl8sfnDvv3,,"601, 732"
700,204,quam,760.8,6,46,344,150,951,655,Sur,checked,checked,700,recfDQPmg89YaeE16,54,
701,161,lectus,1328.0,10,39,565,777,97,306,Este,checked,checked,701,recbKzCp06SrsdHfU,,
702,321,ac,1164.4,5,18,888,399,836,863,Sur,,checked,702,rec9phbmgsA7qGy2v,192,
703,122,magnis,1494.5,7,46,826,868,830,939,Sur,checked,,703,reclYRXuZeAA91zRf,22,
704,49,mauris,886.1,9,79,359,106,803,791,Este,checked,checked,704,recu1LMqsZ98rJeMA,,"479, 541"
705,466,interdum,1111.0,15,44,587,962,740,35,Sur,,,705,recOdkTRuCpMo17UR,"373,382",
706,264,nisi,1409.0,3,84,572,214,963,607,Norte,,,706,recl8q3HmiImyTYJI,,
707,391,donec,864.1,6,73,430,619,649,587,Sur,,,707,recMB2FPZVNHU9jtT,,967
708,291,nascetur,926.9,16,32,670,726,218,35,Este,checked,,708,recG6QsbW2GlbdMIR,24,
709,292,lectus,937.0,6,61,358,73,134,296,Sur,,checked,709,recJLbULsxsDlOvu1,,
710,145,justo,832.5,1,69,831,833,284,429,Norte,,,710,recAbhcRlGdlj4vPc,,"118, 187"
711,55,potenti,870.8,16,96,204,245,703,5,Sur,checked,,711,recHm9pRxXDwyKi9A,,928
712,155,aenean,857.2,7,66,979,137,818,457,Este,,,712,rec5Un9h8Co371UiP,,674
713,52,nunc,933.0,9,43,766,818,167,68,Sur,checked,checked,713,recJaVlEn7CrVi8mo,,
714,134,vestibulum,1330.9,9,2,708,246,230,580,Sur,checked,,714,recQ1pZjBYCd86vgk,,"776, 783"
715,41,sit,1107.5,12,41,966,480,294,229,Sur,,,715,recGCNI39x3WkDqDR,,868
716,465,non,1092.3,9,33,442,320,200,162,Este,,,716,recOoG0LxozHO8YAH,,102
717,500,suscipit,1277.5,1,8,244,939,621,39,Norte,checked,,717,reczUoTHghx25QQ5X,,"87, 753, 786"
718,143,dignissim,809.3,14,63,635,226,781,674,Sur,,,718,rec4LZomnGZzCVvlV,376,765
719,161,vulputate,1246.9,7,56,479,519,207,345,Sur,,,719,recCtNKuX8yX1VZQJ,,418
720,218,posuere,1225.9,11,4,592,688,581,962,Este,,,720,recgH9bfi1jiGOLir,,"75, 891"
721,294,pretium,1328.6,4,12,265,2,682,521,Sur,,checked,721,recsQnUUEixcm0DjX,470,
722,490,eros,1228.1,16,33,842,660,80,154,Sur,checked,,722,recytaPX0e7w3UQmX,,"417, 556, 718, 772"
723,385,sapien,1346.7,8,76,97,366,173,109,Norte,,,723,recMgcuhxYq8EhDFh,"150,335",
724,343,id,933.4,2,95,362,360,45,362,Norte,,,724,rec917NmIo8Nnf0mR,,38
725,470,pellentesque,1252.4,15,91,936,905,503,882,Este,,checked,725,recgHbsML5hz8rvzs,,
726,267,eleifend,863.0,4,86,713,707,632,644,Norte,checked,,726,reczFinXhsw6AJ1Pw,345,549
727,373,mauris,1228.1,2,95,664,171,835,152,Este,checked,checked,727,recvmcRo6OVWzNtJv,235,160
728,44,vel,879.5,12,23,379,700,590,182,Sur,,checked,728,recIE2373MjDhtk78,,
729,16,in,921.8,7,38,664,552,903,911,Sur,checked,checked,729,recR57bbrNvqCWJH3,,542
730,377,leo,1225.5,7,69,691,40,60,985,Este,checked,,730,recMixTkih1E2oikR,,"62, 140"
731,400,eget,943.4,8,91,218,254,726,450,Sur,checked,,731,recGC1JIGO8k8CBwS,411,
732,246,congue,1227.0,16,71,765,435,778,401,Este,checked,checked,732,recXcFaW8Mp2ZJyeD,111,
733,342,sodales,809.2,16,59,207,505,370,264,Este,checked,,733,recLMr2eiPXeioSwW,"144,174",
734,242,lectus,1139.7,12,25,327,408,401,772,Sur,checked,,734,rec4pkiPFoe43Mp90,,"654, 953"
735,467,interdum,1131.8,6,27,69,854,568,483,Este,checked,,735,recFzDy3DWYfAGao6,,
736,335,aliquet,1189.3,12,62,31,43,187,550,Sur,,,736,recThLdr14RNSRzwL,,
737,112,in,916.2,10,42,876,521,812,796,Este,,,737,reckcg3rS8flVqeqR,296,180
738,432,semper,1208.2,1,16,786,669,635,204,Sur,,,738,recIojAXr7lMeAwST,,
739,134,ac,1409.9,2,93,881,933,935,685,Norte,checked,,739,recNXUV6TqjVOAk8a,367,178
740,174,nam,1150.8,4,89,558,729,116,791,Este,checked,,740,recUufwNUBKoixR9M,,"300, 383"
741,131,lectus,1441.4,2,52,102,40,187,776,Este,checked,,741,recmg7MWTM3bZo0ZP,,
742,381,sed,1190.3,6,58,148,619,100,289,Este,,,742,recxF6lY2OHeKBurC,,586
743,98,ornare,1370.3,10,78,320,687,334,164,Este,checked,checked,743,rec57kPDvG6GwXAr7,,"212, 218"
744,369,non,1242.1,8,93,609,848,555,947,Este,,,744,rectwBJgkZfxIlGnm,"28,333",181
745,263,consequat,900.7,4,33,113,192,892,737,Norte,checked,checked,745,recXM3zR1Y4nTqe2K,147,19
746,337,vestibulum,1452.0,4,35,564,101,451,830,Sur,checked,,746,recpRPHiRLJYlm7L1,475,338
747,46,felis,1194.2,3,86,233,200,891,443,Sur,checked,,747,rec8XhAZPUqrOjFST,,"497, 869"
748,494,maecenas,1465.1,6,42,961,149,233,560,Norte,,checked,748,recEyfxd8bptj6tS2,,
749,300,sit,1272.6,1,47,882,69,215,352,Sur,checked,checked,749,recOQ45FvbJfd0syO,,
750,114,metus,932.9,6,73,639,971,69,320,Sur,,checked,750,recAoFfTX0DntPv3V,,
751,363,eget,991.6,1,20,931,116,290,284,Este,checked,,751,recQbNe4KrdHtbYW3,"114,451","328, 602"
752,37,pellentesque,1142.3,11,41,685,217,614,58,Este,,checked,752,recDfQ6f9OGgo9TPs,277,230
753,54,sem,1267.9,5,16,106,710,448,607,Este,,,753,rec3f0BGIISeDKH24,,"532, 743, 889"
754,60,hendrerit,988.4,2,31,621,801,27,951,Sur,checked,checked,754,recV7EuRzmZqbkFnS,158,260
755,139,metus,1354.9,5,35,233,501,775,56,Sur,,,755,recccC4MFznd3b6Uy,"222,465",775
756,130,libero,868.6,11,80,794,815,266,467,Sur,checked,,756,recI8jkhIkulvVtGh,,470
757,277,vulputate,1030.9,14,12,140,155,441,886,Norte,checked,,757,recIu53uh7hFdT2J3,488,"112, 253"
758,168,massa,1198.0,3,14,788,652,205,753,Norte,,,758,recPjrk4yYL34Bak3,44,6
759,89,leo,1282.9,9,23,83,798,544,389,Este,checked,checked,759,recTNwp0gO6vUyRvj,424,607
760,168,proin,1106.2,13,50,749,906,337,321,Sur,,,760,recmHNM4vVe0Xxf4P,,
761,245,dui,1070.4,11,17,218,902,277,944,Sur,checked,checked,761,rec42SLDB9AMMei1D,,"312, 685"
762,142,vitae,1018.0,11,8,195,377,189,445,Sur,checked,checked,762,recqcBee3JkeOdQcw,249,"226, 760, 981"
763,146,aliquam,1493.8,15,69,418,163,319,759,Norte,checked,,763,reccwRaYknOZOhL2C,,"508, 935"
764,126,sed,1277.1,10,57,55,546,60,84,Este,checked,checked,764,recc5qxjYs3zXR63v,95,649
765,453,augue,1421.5,10,87,908,205,141,967,Norte,,checked,765,recnpI4du7I3mLayh,337,
766,64,luctus,794.1,5,30,430,871,735,893,Este,,,766,recydPffGpnb5OctE,,873
767,161,maecenas,814.7,6,98,188,53,711,386,Este,checked,checked,767,recv0lTOLzA1soNUF,"81,179",676
768,349,phasellus,823.5,10,55,676,850,748,304,Este,checked,checked,768,recTRxYqreWk2pPfy,,60
769,78,ipsum,898.1,14,32,627,211,514,113,Sur,checked,checked,769,recPml6fA8wEOnlVe,,"423, 623"
770,371,suscipit,1367.7,8,16,334,847,172,418,Sur,checked,checked,770,recIoQM0YLYbY01My,,231
771,197,cursus,1409.2,6,81,60,505,756,848,Norte,checked,checked,771,recnHixfpqtnpZAi0,256,"406, 569"
772,280,quisque,819.7,6,80,696,369,707,995,Este,checked,checked,772,recNM6yF3cO2lJYOH,,"611, 897"
773,491,vel,1161.1,14,39,712,439,485,456,Este,checked,checked,773,recj4MWDX6gKyduWe,189,
774,90,nam,1307.3,9,85,911,828,461,773,Sur,,checked,774,recQ10pU67UbbFw8A,,"688, 930"
775,209,felis,1389.3,11,21,180,296,340,553,Este,,checked,775,recMV5TN7HTSbcG9B,116,939
776,329,lorem,1473.4,16,59,908,641,413,158,Sur,,,776,recXM2RI45NnEK4sM,,994
777,454,ac,1124.4,9,8,564,870,764,152,Este,checked,,777,reckvRU3cKyqf8MDM,,
778,57,primis,883.1,6,41,315,712,948,328,Sur,checked,checked,778,recF8htpuSzc4VaSo,,
779,245,ligula,980.6,15,3,571,272,304,352,Sur,,checked,779,recuV7vnPU2kYEynQ,"52,458","144, 256"
780,256,ornare,1384.4,13,39,625,371,854,184,Este,checked,checked,780,recj8hylwuCtACo34,,"37, 182, 559"
781,15,in,1256.6,2,21,963,518,276,267,Sur,,,781,recBBlluoAum6Jxzh,,"667, 921"
782,404,arcu,922.5,10,13,916,496,885,16,Este,,checked,782,reciNBLr2JoApq0Lf,,
783,315,vel,1306.2,15,38,686,396,193,516,Sur,checked,,783,recNVG5SCfWoSLokC,"149,493","41, 496"
784,327,rhoncus,966.4,16,68,844,400,641,808,Este,,,784,recawHlWKgV6ppx1v,,
785,389,eget,940.8,15,48,548,736,692,523,Sur,checked,,785,recVEWj4hEz0be8q4,427,49
786,204,risus,1237.2,14,81,414,811,793,181,Sur,,,786,recXNHB9lcYn4I1xX,,
787,290,eu,1217.8,14,47,528,88,628,601,Sur,,checked,787,rech4AHtL3tNTyhJk,,972
788,345,quis,880.6,10,67,855,255,733,323,Sur,checked,checked,788,recqXJZfnSUVRrKSN,"205,319",717
789,194,dui,1451.0,7,85,825,751,820,569,Sur,,,789,reccesBCJQbeF9kGV,,476
790,389,amet,759.8,5,47,747,743,852,885,Norte,checked,checked,790,reckrRWWBDFlMVBLU,,
791,89,lectus,827.8,2,100,781,584,575,512,Sur,checked,checked,791,recTNEj4FqLZCBq6U,268,
792,433,turpis,1307.4,10,21,699,2,78,599,Este,,,792,recPbWCfN7E4feHRI,,344
793,305,leo,768.9,3,75,254,224,460,487,Sur,checked,checked,793,recpJZqa3R6dmUmy4,,
794,421,augue,1001.1,11,44,19,395,919,493,Este,,,794,recMLqUbrsWYiNWoN,,"741, 782"
795,21,posuere,1030.4,2,10,657,682,862,491,Este,checked,,795,recpEjX95zsfWXuil,,575
796,477,parturient,988.6,3,46,933,365,658,777,Sur,checked,,796,recQPySQXu3smJ8U0,,
797,106,orci,1046.7,8,76,10,136,544,296,Norte,checked,checked,797,recEsJclWM5t3MuU3,120,529
798,457,nulla,1113.4,16,30,292,867,345,698,Sur,,checked,798,recWqOEEN2mYCPbCY,,865
799,308,in,872.6,11,41,529,148,319,591,Este,checked,checked,799,recHH8JNDQfoRVVse,405,
800,194,neque,1076.3,11,55,983,987,914,969,Sur,checked,,800,recusSqt3f0gPfGNj,,
801,193,scelerisque,1413.1,15,36,916,630,998,250,Este,checked,checked,801,recNbw0mSUQDyrUmM,,831
802,493,sit,1406.2,7,10,374,290,599,593,Sur,checked,checked,802,recde6HaEazqHgHk1,467,"52, 336"
803,362,nibh,779.6,6,93,800,67,356,431,Sur,checked,,803,recTkaIRgOqDyrvCi,,267
804,279,lectus,842.6,3,48,216,407,516,355,Este,,checked,804,recU8S7toIavkTMjN,98,
805,345,in,936.7,3,66,480,257,755,114,Sur,checked,checked,805,recYGqUnb4xmqIGA8,,
806,403,morbi,767.7,1,66,720,882,658,547,Norte,checked,checked,806,recFx8mAjWkJewMkQ,"131,188",628
807,439,mauris,1081.2,11,35,898,674,465,595,Sur,,,807,recPP1N8OzA5AIwYA,,
808,226,cursus,885.6,6,4,989,891,323,818,Este,checked,checked,808,recQvb2uMCprwMR2I,170,826
809,436,volutpat,1437.0,11,11,791,717,715,374,Sur,,checked,809,rec8uQb9SZAHxww2z,,
810,168,eget,1099.2,7,55,613,655,47,887,Norte,,checked,810,recQn1HFSScxQRwJw,276,536
811,210,habitasse,1252.0,11,91,163,706,504,244,Sur,checked,checked,811,recReVbS8BP3xvgck,368,
812,213,quis,1453.4,14,11,49,373,645,829,Este,,,812,recG7SNd9Wh4NtP4y,126,
813,375,nisi,1252.1,7,51,781,212,145,122,Sur,checked,checked,813,recqwAcIddWUURq0O,45,882
814,168,aliquet,973.1,7,94,438,145,311,843,Sur,,,814,receeNS5vAesWqXje,,"168, 201, 781"
815,143,orci,901.2,1,37,971,669,867,635,Sur,,,815,recIwVx1vjZDE5VWJ,243,"796, 871"
816,103,sociis,1461.2,9,72,87,213,263,747,Este,,checked,816,recBpw6oB2KxH0NeG,"162,165,239","854, 944"
817,336,faucibus,900.3,7,66,669,682,135,742,Norte,,checked,817,recdsjo4g1HCoW4Lx,,"237, 975"
818,413,vestibulum,1119.2,7,15,949,235,225,281,Sur,checked,,818,recFbqYNBVXVFI6Yy,,615
819,448,orci,977.5,16,86,637,576,113,760,Sur,,,819,recG3wfwRcvmicnLv,"307,352",
820,470,libero,1492.6,6,77,569,336,546,649,Este,checked,checked,820,recFWxVb4P2bp4xqZ,,292
821,105,nulla,1246.8,8,99,6,557,145,644,Sur,checked,checked,821,recd4rfrZcgKViwLI,,"163, 403, 925, 978"
822,396,convallis,755.2,13,72,629,435,277,19,Sur,checked,checked,822,recPXH1u09iJa3i2e,482,
823,44,praesent,1308.0,8,87,243,192,537,838,Norte,,,823,recEBTwVQw3Vkt0Ex,,"512, 757"
824,221,aliquam,761.6,12,5,418,517,371,788,Norte,checked,checked,824,rec1nxU4eul2BFZnr,,"467, 614"
825,407,eros,775.8,10,62,94,143,697,304,Este,checked,,825,rec0bWevndYuxWUMe,,461
826,115,in,1205.4,14,11,963,563,926,991,Norte,,,826,recoEwazbP7IObgqb,,
827,356,quisque,781.1,10,41,708,221,712,88,Este,checked,checked,827,recMzi5R5qTzEExWd,,"420, 571"
828,74,libero,1192.3,12,14,498,571,731,577,Sur,checked,checked,828,recs7WB7ezqYfqKnW,194,
829,365,vel,892.4,5,88,709,382,872,275,Sur,,,829,reccxzJmc7pqqVNjV,103,766
830,421,phasellus,1170.2,1,21,270,805,471,787,Este,checked,,830,recbedazPI7lnGDUw,,"436, 516"
831,151,risus,1095.4,16,58,50,997,605,472,Sur,checked,checked,831,recsUWo9UDWN96kzJ,,392
832,272,bibendum,785.7,10,2,325,1000,457,418,Este,,,832,recAgwc2X7MuOoWwp,,457
833,29,duis,1033.2,9,65,10,643,751,966,Este,,,833,rec8Y8wkyTdAiRPi7,,"113, 631"
834,375,eu,1277.6,10,60,909,379,271,249,Sur,checked,,834,recr6kVuN7RErjbPg,,
835,454,aliquam,1033.4,7,43,363,492,183,112,Este,checked,checked,835,recPZT8uPbkjioS1K,,763
836,251,accumsan,860.3,8,30,53,9,862,93,Sur,checked,,836,recJsi1qW3V6Whd2H,,"45, 455"
837,25,libero,920.1,9,11,212,669,757,918,Este,checked,checked,837,recqVgtSHqporOPiU,,"215, 349"
838,423,convallis,1127.0,4,99,844,75,591,696,Sur,,,838,reczZG1sLePQiqpP6,,"257, 603"
839,273,nisi,1051.0,7,39,558,814,228,419,Norte,checked,checked,839,rectX4gczLvZqYxdT,"100,324,330,441",976
840,422,viverra,1299.3,6,62,64,721,849,353,Este,checked,checked,840,recqtkKpZiFq1Uc5p,,798
841,426,aenean,883.4,3,81,451,903,215,384,Este,,checked,841,rectkxplh0o5fLooZ,,982
842,25,est,1176.7,2,95,631,256,909,783,Este,,,842,recG8BXX07DlsqGQB,,"166, 587"
843,486,quisque,1143.4,15,20,745,356,228,651,Este,checked,,843,recloAYmpbsNVx60t,,
844,169,ligula,1053.1,5,7,335,774,201,196,Este,,checked,844,rec9G6GcHyd4lb1Nu,"288,366",940
845,20,arcu,1483.5,11,82,500,984,291,62,Norte,,checked,845,recoNgKv9K2mwY8bA,,"469, 929"
846,177,convallis,848.8,9,81,790,548,802,779,Sur,checked,checked,846,recK724VXvXzwAbQV,230,
847,368,sagittis,1117.6,1,29,125,65,974,13,Sur,,,847,recuJiFDdLIvK5cC8,,
848,130,morbi,1321.7,15,48,444,436,915,362,Norte,checked,,848,recDjaimsbtwZqH97,,
849,65,bibendum,1047.2,10,98,690,946,540,603,Sur,checked,checked,849,rec79dhO2EtdwE1EY,334,721
850,124,vestibulum,932.8,15,85,448,269,453,204,Sur,,checked,850,recWPYZR8G4k1Xroa,264,
851,88,dictumst,913.5,12,36,972,245,310,635,Este,checked,checked,851,rec69EUrflHHaxhX5,30,243
852,240,a,868.4,8,34,720,726,920,557,Este,checked,checked,852,recdCPxDkohQqTBgo,,"421, 635, 715"
853,320,volutpat,1151.5,13,75,437,936,541,297,Este,,checked,853,recl0l6HTNoDNenvk,,
854,375,mi,1011.7,14,95,349,606,864,53,Sur,checked,checked,854,recWL4cUo8weFUXPX,414,408
855,492,id,1061.4,14,63,392,698,528,440,Sur,checked,checked,855,rectVAlHgtUJw23lT,,"584, 604, 689"
856,299,nulla,937.6,7,39,424,178,825,680,Sur,checked,,856,recp1cbyPWVKzGbqh,,673
857,403,tincidunt,1441.2,10,26,574,898,438,297,Norte,checked,,857,recjHjEv6F5INcURb,,287
858,397,ullamcorper,1096.7,11,75,264,446,560,805,Norte,,checked,858,rec4n2fPO4NgNhSU7,,
859,232,pede,1281.8,5,45,127,543,227,951,Este,,checked,859,recxN9BxXdIFSukL2,329,
860,392,pretium,1266.0,14,19,575,236,197,959,Sur,checked,,860,rec85jLwPyVeHw7ig,,"236, 540, 918"
861,53,est,1331.6,3,48,123,968,375,841,Sur,checked,,861,recS1hATh4qdk30oG,,
862,47,volutpat,1222.2,15,82,160,561,37,424,Sur,checked,,862,recq7AHq3f2ymDxey,,"84, 111"
863,108,ullamcorper,758.2,12,22,570,559,981,802,Norte,,,863,recBjKJWs6LhiaueJ,,364
864,318,elementum,981.4,6,85,594,213,677,392,Este,,,864,rech2SMuRsgrj7JHr,,"391, 416, 544, 566, 594"
865,95,lacinia,887.0,6,91,600,614,278,515,Norte,,checked,865,recNQHtiK0QIVuD1M,,"143, 500"
866,187,velit,1222.0,16,80,609,664,977,43,Este,checked,checked,866,rec45742TioE9feHY,,396
867,355,id,829.9,16,75,955,350,808,193,Este,checked,checked,867,recfxOCpqgW6UqHSf,,"207, 509, 554, 595, 794"
868,406,pede,1223.4,13,99,814,206,311,97,Este,,checked,868,rectYQwHNdk6pkX7L,,"129, 193"
869,52,imperdiet,1498.5,12,27,555,590,85,986,Sur,checked,,869,recqxjJmt3gq2bIlF,,205
870,291,augue,933.9,15,25,543,416,562,834,Sur,,checked,870,recS38IFAWmtHsCXD,"10,353",376
871,89,eget,1464.8,5,90,555,939,579,244,Norte,,,871,recrqAiWwobrjEU0C,,527
872,430,dictumst,865.2,9,39,911,186,187,546,Este,checked,,872,recapdIScpEhU6PJ8,185,148
873,433,ligula,813.7,3,8,38,152,127,46,Este,,,873,recWD89Xh9k8t5CFF,484,
874,178,venenatis,909.0,8,11,240,127,972,415,Sur,,checked,874,recOx9QgURj3W8YMX,,
875,50,ac,1337.4,4,70,186,689,678,498,Este,,,875,recXAO5qER5mdYqq6,,"321, 399"
876,23,nibh,909.8,6,82,550,711,36,421,Sur,,checked,876,reccyc5skhsxyxPLZ,,
877,445,cursus,1261.6,9,80,195,414,487,753,Este,checked,,877,reckC2rCYrMHNMeGg,,10
878,217,quam,1149.9,9,35,80,878,249,173,Sur,checked,checked,878,recFrARnF5xiNBlSo,,
879,311,magna,1415.2,9,62,369,228,935,550,Sur,checked,,879,rec4XZGgO6xZgH49L,255,318
880,351,elementum,1320.1,4,76,895,823,548,271,Este,,,880,recq8ht6k9rCkGAxI,,
881,284,aenean,1270.5,2,99,449,476,795,81,Sur,,,881,recHzGwPALKmwNI8f,,
882,268,praesent,930.1,10,70,853,917,198,964,Este,checked,,882,recXJKInKUpAGP4Jv,"215,444",
883,284,aliquam,1137.7,2,22,726,297,680,873,Sur,,,883,reclxRXWHGBUEyf4x,,
884,330,sit,1054.6,15,61,93,952,365,231,Este,,,884,reciF6azp45zj3dWE,236,
885,214,in,1387.9,6,94,881,935,852,452,Sur,checked,,885,recBhM6ScJRgBaiHN,,
886,288,est,1484.6,16,59,374,777,746,389,Sur,checked,,886,recXGTO23zf8oRjLz,47,
887,55,sollicitudin,775.0,1,26,290,677,605,73,Sur,checked,,887,recVjdAltA4fDUZty,,
888,99,nam,1356.2,10,98,59,500,45,639,Sur,,checked,888,recFbO65ys7so3cBb,469,73
889,134,ante,886.8,5,25,909,634,365,608,Sur,checked,checked,889,recJVwQEaViKlEa3O,,
890,217,quis,1254.4,14,17,742,604,521,529,Norte,,checked,890,recdLYRrNmsMilJ9x,,"197, 624, 756"
891,356,vitae,1434.7,13,86,246,569,101,111,Sur,checked,,891,recEeaBGhDB3gq2uK,,
892,167,molestie,1371.3,11,35,116,738,963,769,Este,,checked,892,reckVqC9Mx9u0UflC,291,251
893,214,sit,1300.3,6,64,113,428,299,691,Sur,,,893,recT96oJQJSbjLfm8,269,
894,162,ante,1016.0,15,65,584,520,389,630,Este,checked,,894,recE2vgju68VsOdRO,,
895,433,pede,986.7,15,55,318,244,862,940,Este,checked,,895,recu98Odnz4oYKXMX,,
896,228,rutrum,915.6,5,77,333,737,466,98,Sur,,,896,rec0qWWTN1T1f8sSg,137,"23, 245, 334"
897,489,vestibulum,1080.8,14,44,30,532,493,476,Norte,,checked,897,reckY5TZdGxP7xsDw,,
898,131,viverra,1098.2,14,93,290,284,392,405,Sur,checked,checked,898,recxiF60VFt8HNDyu,400,433
899,65,sit,1082.6,7,21,258,248,886,63,Este,checked,checked,899,recGaQPftRFHqhuu7,,147
900,62,non,1158.7,7,14,671,105,946,237,Sur,,checked,900,recOhfRDJPgiVqyNe,300,"194, 621, 856"
901,488,massa,1490.2,2,50,966,331,108,258,Este,checked,,901,recBqvwcIYjFTnE0t,472,"664, 687"
902,302,nisl,1131.4,1,24,195,561,301,667,Sur,checked,checked,902,reclOainionUGxbM6,85,
903,422,rutrum,1342.3,14,97,214,784,752,578,Sur,,checked,903,recEcYrhmu9KQnJKW,,
904,216,egestas,1060.7,4,13,895,789,502,620,Este,,,904,receVBo03RFzjyFyG,,
905,75,duis,820.2,8,29,741,40,41,578,Sur,checked,checked,905,recdC5CRfvfZDdxWU,,"240, 714, 979"
906,450,porttitor,796.1,5,66,535,992,561,384,Norte,checked,,906,recd3l6TgrYHBE2tQ,,
907,85,pede,1041.3,9,80,218,975,922,890,Sur,,checked,907,recGMiOraX13qESGB,,"170, 465"
908,277,praesent,1232.9,13,54,339,112,806,154,Este,checked,,908,rec6bl5JYA0sHQgT1,258,506
909,93,posuere,1420.0,3,94,584,274,722,388,Sur,checked,,909,recO3almCURBn5vf4,"306,363","184, 463"
910,297,luctus,1216.0,11,31,275,223,603,653,Norte,checked,checked,910,recOIuON9LLdw3NNa,325,493
911,474,suscipit,1129.7,15,37,194,999,287,839,Sur,checked,,911,recGzeTlQFihd6lUN,"226,409",
912,407,natoque,874.6,4,93,229,887,194,234,Este,,,912,recnEldzNcC0ZTz29,,"393, 552"
913,374,cubilia,1303.5,10,36,129,177,365,173,Sur,checked,,913,reci3nA0wcqpW3uEs,,
914,95,lectus,1224.3,6,6,730,583,357,477,Sur,checked,checked,914,rec9GIJMZFKoAeDcq,,"174, 277, 297, 744"
915,223,velit,1140.3,15,66,572,397,793,278,Sur,,,915,recB7jp8JSWnWAygI,,
916,99,ut,1492.2,5,33,462,314,589,344,Este,,checked,916,recwPgAJrwlXSA6li,"82,213","137, 613"
917,135,nulla,854.4,16,26,676,995,722,725,Norte,checked,,917,recAHbEH7hokx4jv8,,"342, 483"
918,417,adipiscing,829.6,11,4,740,888,961,60,Sur,checked,,918,recCkEMTpLDK5iLSx,,
919,9,ac,1251.9,1,60,112,687,134,48,Sur,,checked,919,recgn8XZVbC3LvA7z,,789
920,7,sodales,772.4,10,19,436,447,866,154,Este,,checked,920,rec2NbaGHKdw62MWx,282,
921,449,quisque,1342.5,8,9,610,192,716,863,Sur,checked,checked,921,recH97npI9MHHKkPL,"60,487","185, 242"
922,449,consequat,1344.7,8,9,394,454,680,976,Sur,,,922,rec0Vip8Om0DJYavm,"3,21","5, 177, 866"
923,348,justo,820.9,6,43,608,532,550,988,Norte,checked,checked,923,recWed8hVb8Ac8HPB,"16,191,293",42
924,415,nisl,1166.4,1,32,200,781,216,36,Norte,,checked,924,recbjA51eo4DLmPer,,960
925,165,cursus,772.5,14,6,156,111,632,953,Este,,,925,recljSEaxxFT8PU58,,708
926,234,eleifend,1211.2,7,87,506,633,748,371,Norte,checked,,926,recV987HxVYZ5ooCT,173,435
927,372,mattis,1141.7,5,93,855,307,696,6,Este,,checked,927,rec0JGhwvfrr0z3YM,,731
928,79,donec,763.4,2,72,207,909,142,343,Sur,checked,checked,928,reckJ2Ure3Mm9zs0Z,,"162, 276"
929,347,fusce,1061.2,12,34,922,275,980,182,Sur,checked,checked,929,recFuuFoAzXTKH9CU,403,534
930,322,nunc,811.1,6,77,421,516,813,301,Este,checked,checked,930,recYFEki7iyGowruG,,682
931,50,erat,1401.7,6,71,251,231,979,43,Sur,,,931,recyqxvRSAGExtZrC,,428
932,440,rutrum,1450.3,1,95,799,720,59,911,Este,,,932,recZvpRyyMMDv7Ht6,240,"660, 827"
933,194,venenatis,1359.7,8,20,705,237,672,220,Este,,,933,reccKnidogQVkg1m1,,482
934,133,orci,1341.2,9,97,474,336,966,22,Sur,checked,checked,934,reclMzSsHgDvuPQqA,"389,413","63, 307, 374"
935,3,sit,900.1,3,12,515,905,113,634,Este,checked,,935,rec9n5H7W3wvqRFBY,,347
936,257,ac,973.5,15,96,260,498,453,683,Sur,,checked,936,recidpKOEpySujo5L,,"642, 943"
937,356,suscipit,1459.9,13,75,873,940,611,327,Este,checked,,937,recnRTSv3ta0x6rg7,,
938,33,non,781.9,1,41,530,179,228,521,Sur,,checked,938,recdHeQHjq4JfGGvz,"254,278",
939,128,suspendisse,943.6,11,97,618,645,755,507,Norte,,checked,939,recPAQQJxbkXP27hL,,"265, 363"
940,335,mauris,874.8,10,88,835,860,902,117,Este,,,940,recd5UAMFoOo9ag01,,386
941,32,ac,1355.7,12,64,90,438,450,934,Este,,,941,recQlCwGLKwmpK5bf,,"136, 958"
942,116,ut,927.4,5,91,474,740,814,62,Este,checked,,942,recc7vCtTzefv2OlS,96,
943,256,et,987.1,15,29,680,652,19,8,Este,checked,,943,recje1nLfOIRFcVr8,,861
944,208,nonummy,945.7,12,12,234,21,832,169,Este,,checked,944,recZfErBiM3jeoXO4,40,"139, 494, 805, 879"
945,324,placerat,815.6,2,5,696,303,745,39,Norte,,checked,945,recYmhZpCAgVgnYug,"303,419,456",138
946,204,blandit,1061.4,16,76,105,779,904,473,Sur,,checked,946,rec0TVcjwNIGC1q5x,"263,455",
947,100,vitae,1406.2,3,30,154,481,959,192,Sur,checked,checked,947,recNgiB6HgWGkvU34,130,
948,4,diam,1482.3,5,64,873,186,166,211,Norte,checked,,948,recNHr6MIIOPnXwvv,,734
949,84,scelerisque,1408.4,4,80,515,621,267,338,Sur,checked,,949,recUpakLeHz3R8t07,,659
950,14,tristique,1254.5,6,37,613,723,852,602,Sur,,checked,950,recuII9SfTQMqaKdk,,"411, 632"
951,39,phasellus,1149.9,13,46,628,491,697,609,Este,checked,,951,recGjsRyn6JZj87Rb,,634
952,282,nunc,1085.9,12,37,541,855,903,7,Este,checked,,952,recpRh8RMEoq5kuU7,,"105, 948"
953,330,aliquet,781.5,4,11,111,767,162,979,Este,,checked,953,recb8usF9mHBoJveh,,279
954,210,id,1038.7,3,2,377,730,297,488,Sur,,,954,reczfdSIDqCIUCdRq,251,"308, 630, 895"
955,311,sapien,1369.3,13,88,561,464,965,475,Sur,checked,,955,recIPEKFEBcftyzA3,,82
956,2,pede,1312.4,14,87,599,620,571,162,Sur,checked,,956,rec0odd9mT1fEvcKb,,76
957,104,turpis,1116.3,14,95,574,328,413,294,Norte,,,957,recNlk9XabnCz8D0z,289,"225, 426"
958,275,consequat,1182.6,14,94,41,740,612,782,Norte,,checked,958,recxjXQT8OyFqn3Pq,,"917, 969"
959,164,quis,1223.1,2,79,491,403,865,435,Este,checked,checked,959,recZXZ2gbSAMECtx5,,"43, 597"
960,221,nunc,1018.8,4,26,578,446,123,122,Sur,checked,checked,960,recBqLkz5KzkN0n20,,380
961,14,in,1321.9,11,79,302,817,680,64,Sur,checked,checked,961,rec9Fmo6zbLzMUvnQ,,"133, 651"
962,423,egestas,938.8,11,55,404,609,693,284,Sur,checked,checked,962,recZ08w5ILxYGZ34c,459,
963,244,sit,1434.1,3,22,216,219,758,40,Norte,,checked,963,recP85EgvoB49H1W7,,"412, 489"
964,204,suscipit,1041.8,15,43,92,300,695,745,Este,,,964,rectwQsW5eF88G9Z5,,
965,22,turpis,802.0,10,63,766,108,305,904,Norte,,,965,recUZBt4uxcgzOztg,,"354, 466"
966,267,nibh,1294.9,11,12,277,962,359,329,Este,checked,,966,rec4wHImSXleokjRD,,560
967,273,donec,1078.7,9,19,1000,78,964,205,Este,,checked,967,recMb22ESgWkx7Wi1,266,209
968,224,ligula,1401.8,8,14,377,121,277,909,Este,checked,checked,968,recKbiRSbfDqSHGwo,"113,478","128, 352, 377"
969,301,ante,767.5,7,13,272,107,849,121,Sur,checked,,969,rec7C1vdqsrZAXVTT,,"456, 605"
970,75,diam,1154.1,11,50,269,347,414,779,Sur,,checked,970,rec9bJS2LZSEQ2POL,,
971,65,blandit,938.2,7,61,142,140,659,787,Norte,,,971,recPV33JPrm47Bmgd,,"17, 286, 387, 582"
972,69,ipsum,1156.4,13,22,594,685,159,481,Este,,,972,recszTLPlJooCw2I1,,390
973,248,quis,1436.6,1,67,860,516,539,473,Este,checked,,973,recmcE9HfSnGnbB8B,,443
974,413,vestibulum,1061.3,9,51,472,140,436,311,Sur,,,974,recaiO7zjR4ZUoAW8,,"567, 936"
975,147,sed,1006.9,9,13,118,844,567,925,Este,,checked,975,recXoT68nlmtMzJsJ,,
976,33,nunc,771.7,9,98,920,979,72,790,Sur,checked,checked,976,recXAVgYJxEDgnQTr,,711
977,102,blandit,916.2,11,68,253,560,838,702,Este,,checked,977,rec4SXEjVuB2eLQFA,,
978,228,proin,750.5,15,2,45,648,489,961,Sur,,checked,978,recL0YsxS7mLoIzn8,160,373
979,229,eget,1050.1,3,63,65,730,357,186,Sur,checked,,979,recVAdH0ipCPUnGmp,,585
980,286,vestibulum,1222.5,7,73,776,944,586,825,Este,checked,,980,recMkaCHoAZ0SiQnB,6,
981,120,id,1329.8,2,74,253,497,742,474,Sur,checked,checked,981,rec0ftbP7GZSj5HS6,107,
982,90,a,815.0,16,38,879,200,763,802,Este,,checked,982,rec4YuSPAw86UUqHt,"161,384","18, 837"
983,48,dui,1200.5,13,31,546,874,109,588,Sur,,checked,983,rec3tX4FKN7XOdJ8U,105,
984,430,diam,1050.5,8,56,133,320,427,804,Este,checked,,984,rec34oETpedVBpEaw,320,
985,265,in,760.8,15,32,991,689,6,397,Sur,,,985,recNkScNHUDHpC9Ev,,400
986,224,at,1267.5,12,31,931,8,474,412,Sur,,,986,reclnPf6a5otSe4EQ,346,915
987,195,vel,915.5,6,73,153,997,821,877,Sur,,,987,recemulGtetn5Ae1g,101,"330, 471"
988,129,in,914.2,9,4,698,358,500,990,Sur,,,988,recr4zyhyWwhJhDNL,,539
989,180,donec,890.1,15,67,628,570,140,550,Sur,,,989,recEVegiPXGrlt6wF,"250,298",791
990,129,fusce,839.9,1,23,245,149,372,182,Norte,,,990,recbyhC8XjhoN8yHB,204,474
991,142,aenean,1029.5,2,99,407,859,868,672,Sur,checked,,991,recqJJnMWRmNaHA9K,,
992,368,interdum,787.4,14,85,748,859,43,55,Este,,checked,992,rec7Iw8Q65RlcR3GN,,637
993,378,suspendisse,1476.5,9,61,253,642,360,299,Sur,,,993,recWrzCkos5Z3TlNG,"118,232","248, 317, 658"
994,487,justo,1037.9,5,76,107,600,581,920,Este,checked,,994,recNn7RWvIUpvSHdG,378,
995,411,sagittis,1174.1,2,53,96,443,829,598,Este,checked,,995,recxRZ1ezD6NyBQHt,,
996,318,odio,810.8,10,63,741,766,364,247,Sur,checked,,996,reckOwBroelJRVbir,271,
997,289,nec,1371.0,14,80,470,814,29,858,Norte,,checked,997,rec3woRoce3OtU7vj,498,275
998,407,nullam,1139.0,2,87,473,989,649,822,Sur,,checked,998,recB35vVc7m2FkMtl,,329
999,42,vulputate,1485.3,11,60,208,246,442,629,Este,checked,,999,rec0so3BDnQJfACYQ,,
1000,492,consectetuer,858.5,6,80,661,163,587,274,Sur,,,1000,rec5zfPivXoQ97IyN,,952