id,Nombre proyecto,Tipo Activo,Fecha termino,Region,Ciudad,Direccion,Comuna,Longitud,Latitud,Longitud/Latitud,Inmobiliaria,Agente inmobiliaria,Departamento,Constructora,Record ID,Usuarios_airtable,Inmobiliarias_airtable,Departamentos_airtable,Usuarios_airtable 2
31,Trippledex,10,12/12/2023,VII,Alto Hospicio,7344 Reindahl Point,Macul,-79.5069436,8.9924711,"-79.5069436, 8.9924711",37,249,609,Blick-Hand,recyrp0DwGc2yWGqY,"8,117",,"4,643",
387,Trippledex,8,1/24/2024,RM,Peñaflor,098 Dawn Street,Providencia,124.6133794,9.3295342,"124.6133794, 9.3295342",83,70,471,"Hahn, Zemlak and Funk",recZQzJrPjumOVtBn,"544,722,833,852",,588,
139,Trippledex,9,9/29/2021,XIV,Río Ibáñez,6955 Monterey Park,SanJoaquin,15.1059917,49.4227567,"15.1059917, 49.4227567",58,299,528,Purdy Group,rec0lJSbAcR07VtKo,"67,85,161","27,1",755,
304,Trippledex,7,10/8/2021,XIV,Valdivia,88862 Myrtle Plaza,Paine,123.4314720,41.8056990,"123.431472, 41.805699",1,366,322,Rempel Group,rec0INlnaa545svVx,"24,305,415",1,,
259,Trippledex,5,11/5/2024,X,Tierra Amarilla,22657 Dorton Trail,Providencia,121.0404991,14.5925105,"121.0404991, 14.5925105",47,249,670,Wolf-West,recaoqQKdRkWuKTPt,266,,"25,661",
390,Trippledex,8,2/3/2022,VII,Timaukel,30 Luster Crossing,Paine,30.4053369,49.8247883,"30.4053369, 49.8247883",12,301,138,"Mann, Doyle and Mante",recbcTETxVBDMpO6G,66,,"71,412",
221,Trippledex,3,2/28/2022,X,Melipeuco,6 Stoughton Pass,Paine,-68.1997156,-22.9087073,"-68.1997156, -22.9087073",37,168,417,"VonRueden, Franecki and Medhurst",recc9fFVedswAXZDD,,,"168,680,824,960",
73,Trippledex,3,8/5/2024,IX,Chimbarongo,50959 Atwood Place,Paine,140.2761470,-6.0800070,"140.276147, -6.080007",2,260,529,Johns-Erdman,recHr7NkRI3BiPRGh,"413,906",38,,
482,Trippledex,6,10/24/2021,X,Calle Larga,9 Dexter Center,Paine,116.4073963,39.9041999,"116.4073963, 39.9041999",44,203,822,"Beier, Harris and Schneider",recRGV5k7FPoCBnBv,150,,"36,555",
1,Trippledex,4,11/10/2023,VII,General Lagos,304 Huxley Terrace,LoBarnechea,140.9686224,37.8234119,"140.9686224, 37.8234119",89,351,53,Abshire-Luettgen,recW2K5ItwZR7Qvv3,766,,"49,212,317",
364,Opela,7,10/31/2022,V,Futaleufú,965 Towne Point,Providencia,-74.6341875,-12.1230818,"-74.6341875, -12.1230818",70,53,269,"Hauck, Donnelly and Runte",recl2VKKOwH3vJN0s,"98,223,918",,,
147,Opela,7,10/25/2024,IV,Carahue,2315 Summerview Hill,LoBarnechea,121.0441201,14.4712676,"121.0441201, 14.4712676",38,397,745,Walsh-Buckridge,recnfsz2Syp527dGj,,,975,
2,Opela,2,6/18/2022,X,Lampa,226 Ridgeway Street,Macul,16.8537839,44.8657158,"16.8537839, 44.8657158",64,70,55,Hansen-O'Hara,recCGHRor65feqb4l,,,"379,956",
71,Opela,4,9/21/2022,X,Coquimbo,955 Shoshone Park,LasCondes,125.0552980,1.6720330,"125.055298, 1.672033",87,245,465,"Baumbach, Gutkowski and Hyatt",recLQSrxhyikz6ptj,772,,"270,364",
336,Opela,2,2/1/2023,XIV,Torres del Paine,3 Green Circle,SanJoaquin,126.0097110,8.9552710,"126.009711, 8.955271",14,238,232,Hahn-Hagenes,recNX7fHJ4wur0Oao,230,,"83,817",
152,Opela,4,10/22/2022,V,Quemchi,58947 Lindbergh Parkway,Macul,118.7122810,31.0313840,"118.712281, 31.031384",3,171,18,Jones Group,recO2z3lmAhbtGvrs,597,,"428,681",
406,Bitwolf,3,7/30/2022,X,Lago Ranco,546 Hazelcrest Plaza,LasCondes,112.5423280,-7.5045992,"112.542328, -7.5045992",75,100,676,Rice and Sons,recpeCLTTct9LeIj3,"216,572,874,930",,868,
9,Bitwolf,5,10/22/2021,VI,Río Ibáñez,5243 Grasskamp Court,LoBarnechea,46.5485537,43.3688739,"46.5485537, 43.3688739",100,363,227,Will LLC,reccDapgUNr0ShV4l,"276,848",,"310,919",
487,Bitwolf,2,6/2/2022,RM,Peñaflor,668 Almo Trail,Providencia,29.6788877,6.8072494,"29.6788877, 6.8072494",11,24,921,Tremblay and Sons,recgHsmOb0id7U4Fe,482,,994,
161,Bitwolf,5,12/20/2021,XII,Punta Arenas,8 Oak Way,LoBarnechea,105.0791228,14.8548457,"105.0791228, 14.8548457",47,253,982,Pollich Group,reckB6eC8DngFqpko,"623,782",10,"585,701,719,767",
148,Bitwolf,3,10/13/2023,X,Lanco,9 Summit Center,Macul,118.8719394,31.7338222,"118.8719394, 31.7338222",65,113,431,Heller LLC,recAj76OEwN9xfjtp,,78,"564,641",
3,Bitwolf,6,6/17/2022,XV,Malloa,4901 Almo Place,SanJoaquin,114.4114590,38.0703110,"114.411459, 38.070311",27,349,922,Cummings Inc,recIe4wwoVvKt6Zoq,841,,"53,935",
120,Bitwolf,8,10/20/2022,RM,San Antonio,42209 Heath Lane,Paine,59.1213974,36.6415869,"59.1213974, 36.6415869",73,392,797,"O'Hara, Konopelski and Cruickshank",recUtcCLwdBjXotBj,662,,981,
125,Bitwolf,10,8/15/2022,II,Coquimbo,6906 Orin Parkway,LoBarnechea,121.0190818,14.5697429,"121.0190818, 14.5697429",10,321,198,"Schuster, Lehner and Schoen",recYxdrm6hvluOlHx,,50,"389,496",
439,Andalax,1,9/12/2024,XIV,Río Ibáñez,9649 Harper Street,SanJoaquin,4.3637137,45.4815563,"4.3637137, 45.4815563",29,298,468,"Hackett, Schneider and Koss",recZLPPEHYNLSd853,"298,791,1000",,"98,807",
385,Andalax,2,7/13/2023,II,Chañaral,1480 Maryland Court,LoBarnechea,-102.4953899,31.8840886,"-102.4953899, 31.8840886",77,157,519,"Schmitt, Leffler and Bruen",recbR1oq3r3bWTx5J,893,,"278,723",
260,Andalax,1,4/14/2023,XII,Máfil,26752 Homewood Parkway,LoBarnechea,34.2824429,10.5534497,"34.2824429, 10.5534497",77,187,444,Ruecker Inc,recdnNhOkDLR1HRis,"86,515,611",,"229,475",
477,Andalax,1,9/19/2022,XV,Cochrane,99040 Northport Place,LoBarnechea,2.1668480,48.8708001,"2.166848, 48.8708001",6,3,316,Herman Group,receiGxOwN7QmNcnz,,,"492,796",
279,Andalax,1,12/22/2022,III,Providencia,93 Pond Place,SanJoaquin,92.8703415,56.0745800,"92.8703415, 56.07458",82,6,23,Bosco Inc,recjGLns3MGRjnnOz,"118,943,984",,"32,255,414,674,804",
4,Andalax,3,4/11/2024,XIV,Valdivia,62 Basil Pass,Paine,124.2521800,46.3640250,"124.25218, 46.364025",46,119,500,Beier-Yost,recVOAGuWHgln5LXg,197,,"61,219,610,948",
337,Keylex,1,11/16/2022,III,Algarrobo,53 Shelley Terrace,Macul,127.1388684,37.4449168,"127.1388684, 37.4449168",35,156,765,Bode Group,rec7OOXqLAqfnoZ75,891,,"247,296,650,746",
475,Keylex,1,3/15/2023,V,Alto Biobío,6 International Road,SanJoaquin,4.3642884,46.6750305,"4.3642884, 46.6750305",18,3,746,Kunze Inc,recj1BHJF00MXzkuN,410,,"94,164",
199,Keylex,9,8/9/2024,XIV,Chañaral,71 Beilfuss Terrace,LoBarnechea,20.6937448,49.8799472,"20.6937448, 49.8799472",52,371,664,Watsica and Sons,recm6WPzz9drkPvFj,"140,539,554",,"47,109,667",
318,Keylex,9,11/13/2023,III,Valdivia,77 North Street,Macul,107.5036490,27.8671250,"107.503649, 27.867125",77,97,507,"Zemlak, Hodkiewicz and Koss",recBYxODCOdwue9c4,561,,"22,864,996",
270,Keylex,3,11/23/2023,V,Lolol,05 Schiller Circle,Macul,-7.8123805,41.0953745,"-7.8123805, 41.0953745",94,36,37,Pfannerstill-Aufderhar,recB2hftYCBdtIOGf,"53,394","25,35",238,
5,Keylex,10,1/30/2024,IV,Antofagasta,99 Moland Park,SanJoaquin,15.1169700,52.4438700,"15.11697, 52.44387",4,223,466,Murazik and Sons,recTwbuqsgbLZ5VVW,"100,535",,"7,123,486",
466,Keylex,2,3/28/2024,XII,San Antonio,2649 Hanson Plaza,LoBarnechea,23.1369121,48.1525702,"23.1369121, 48.1525702",33,67,600,Reichel Group,recYtYaXY2l9vcnvN,"670,914",,705,
143,Zathin,3,10/24/2021,XV,Camarones,8386 Anzinger Road,SanJoaquin,15.5262702,49.8881618,"15.5262702, 49.8881618",32,94,619,Hilll Inc,rec4rMItVq6El1neI,"29,466,919",74,"97,132,280,718,815",
367,Zathin,6,11/10/2024,IX,Linares,01 Delladonna Parkway,Macul,105.8844726,-6.8388620,"105.8844726, -6.838862",20,387,739,"Schoen, Osinski and Glover",rec7DDt1Wb3CxHxpa,,,400,
362,Zathin,2,5/24/2023,RM,Santa Cruz,6 Dahle Street,SanJoaquin,118.3281160,31.7414560,"118.328116, 31.741456",51,202,17,Ortiz-Lebsack,rec8Rb6hHdgb7Fzww,957,"5,47","116,150,193,803",
6,Zathin,8,11/7/2023,X,Lago Ranco,948 La Follette Hill,LasCondes,120.4340710,37.3554690,"120.434071, 37.355469",22,280,980,Altenwerth Inc,recdEqgEuVyDpgQnl,"285,666,743",,447,
424,Zathin,5,4/20/2024,VII,Quemchi,6 Oriole Plaza,Providencia,115.2176580,37.9431210,"115.217658, 37.943121",13,195,759,"Gibson, Lynch and Fisher",recFx2RfaRhuYbiX4,"14,856",,"146,209",
428,Zathin,10,5/17/2022,V,Mariquina,57 Haas Crossing,Providencia,-73.6630270,4.7910280,"-73.663027, 4.791028",64,293,567,Bins and Sons,recUCYYtbwdY7W1Ji,,,"260,303,519",
453,Flexidy,2,3/18/2022,IV,Punitaqui,3 Bunting Drive,SanJoaquin,113.1151610,39.4011470,"113.115161, 39.401147",100,327,162,Botsford Group,rect2lDZMscTEjCWc,"520,861",69,"442,765",
301,Flexidy,9,1/25/2023,VII,General Lagos,00 Declaration Place,LoBarnechea,-4.4239965,36.7195014,"-4.4239965, 36.7195014",62,371,545,Fritsch LLC,recBh1kWKjAiY8n6L,"206,999",,969,1
395,Flexidy,6,5/18/2024,RM,El Carmen,2 Banding Way,SanJoaquin,-48.0605108,-21.7300823,"-48.0605108, -21.7300823",81,58,111,Koepp Group,recDNf5NLugax8lCz,"171,641,733",58,394,
7,Flexidy,4,1/23/2022,VII,Putre,7362 Weeping Birch Place,LasCondes,124.3496130,6.9848640,"124.349613, 6.984864",59,17,240,"Tremblay, Abbott and Parisian",recVX8GgxCO97GYUU,"212,682",,"417,920",
8,Zoolab,6,12/15/2022,XIV,Alto Biobío,93 Melby Terrace,Macul,37.1660882,56.7375175,"37.1660882, 56.7375175",4,111,261,"Zemlak, Pagac and Hayes",recpZHauob2HGcwRF,328,,,
108,Zoolab,7,7/6/2024,XIV,Alto Biobío,93 Portage Place,Macul,127.3847266,0.7988772,"127.3847266, 0.7988772",18,260,505,Zulauf-Konopelski,recuaScO9EejYQ5wC,"386,629",,"154,506,863",
334,Zoolab,2,11/19/2022,VII,Calama,522 Eastlawn Hill,LoBarnechea,-1.8354908,34.3686746,"-1.8354908, 34.3686746",89,271,849,"Jacobson, Botsford and Luettgen",rec2MLGqjy5ipKIN5,"72,231,267,798",100,"63,477,647",
54,Zoolab,2,1/5/2023,VI,Lanco,28 Sycamore Circle,Macul,-0.6629410,45.1268410,"-0.662941, 45.126841",74,8,700,Macejkovic Inc,rec5H6BFTS9PVqGyf,593,,"127,158,753",
198,Zoolab,9,3/24/2024,V,San Esteban,97191 Morningstar Terrace,Providencia,114.7465000,51.0692000,"114.7465, 51.0692",49,208,38,Kerluke and Sons,rec6ZyCAvJdY3Eee8,"756,865",,"222,549",
186,Zoolab,9,6/30/2024,XIV,Puerto Octay,2342 Oakridge Street,Macul,102.6675575,-3.6130091,"102.6675575, -3.6130091",50,271,674,Medhurst-Bode,recC2t1nGdeKXKm7e,"313,584",,634,
488,Zoolab,4,7/26/2022,RM,Tocopilla,8 Independence Plaza,LasCondes,52.6764543,36.5386629,"52.6764543, 36.5386629",12,286,757,"Kertzmann, Predovic and Hartmann",recEWDF6hh4GhGq6K,"76,348,387,580,940",31,"329,901",
230,Zoolab,9,10/9/2021,V,Zapallar,28 Dottie Plaza,Paine,34.1661641,60.9116468,"34.1661641, 60.9116468",61,342,846,Kertzmann Group,recFmopXTQCykqOhb,411,,253,
92,Span,3,7/30/2024,VII,Natales,90411 Pleasure Park,Macul,119.4591610,32.7816590,"119.459161, 32.781659",36,268,587,Hammes-Cormier,recpUBFMsCXyWJphO,"88,445,533,709,768",46,"232,352,416",
10,Span,9,1/12/2022,XIV,Ovalle,6086 Oxford Place,Providencia,113.2618000,-8.1934000,"113.2618, -8.1934",49,237,870,"Frami, Hoppe and McGlynn",rec4HDY1zE8NS9bex,,,"90,180,192,230,262,410,583,646",
146,Span,7,7/10/2023,VII,Cochrane,24427 Arizona Center,Providencia,15.1107601,46.3499163,"15.1107601, 46.3499163",75,179,552,Hagenes and Sons,recoVadUDvovlkNG3,104,,"74,763",
393,Span,8,9/24/2023,XV,Chillán Viejo,0929 Independence Way,Macul,112.1762060,37.1898220,"112.176206, 37.189822",13,230,74,Tremblay-Schultz,recotdJOYcr21yVIa,12,,"37,256",
288,Span,1,5/15/2024,RM,Tocopilla,847 Atwood Crossing,LasCondes,25.6858475,41.0640026,"25.6858475, 41.0640026",33,342,844,Conroy-Lesch,recIqZhQOYGuqnJTh,"172,210,392,430",,"355,886",
357,Span,3,10/22/2023,IV,Freirina,8258 Dovetail Way,Providencia,35.8492033,31.9780238,"35.8492033, 31.9780238",41,264,610,"Prosacco, Lowe and Rempel",recPsZ5Pa4uWOo7hu,898,,224,
104,Zontrax,8,8/13/2024,XIV,Valdivia,6707 Messerschmidt Street,Paine,44.4370200,-12.3108600,"44.43702, -12.31086",77,24,320,Zboncak Inc,recuTGCgUBkHPgBYM,"119,491",,"218,275,281,691,957",
452,Zontrax,4,12/29/2021,V,Quemchi,43 Dottie Parkway,Macul,3.1930302,6.8192374,"3.1930302, 6.8192374",88,223,400,Dibbert Inc,rec4qb2YmSncf0SmX,"166,356,379",,476,
117,Zontrax,10,6/26/2023,VI,Punitaqui,3 Doe Crossing Park,LoBarnechea,19.6814345,51.5902809,"19.6814345, 51.5902809",36,315,64,"Purdy, Schaden and Kshlerin",rec7VIwTIPOmxDtIP,724,,,
355,Zontrax,4,2/18/2022,V,Ollagüe,30904 Maryland Place,LasCondes,120.3119100,31.4911690,"120.31191, 31.491169",39,344,491,"Kuphal, Lynch and Bernhard",recaOXmUImRvAe2GT,,,"605,867",
66,Zontrax,10,7/31/2022,XII,San Antonio,102 Loeprich Street,LoBarnechea,118.7033070,29.7726450,"118.703307, 29.772645",40,378,356,"Nader, Jerde and Cronin",recoIjKe0hT95CElj,502,,"141,225",
277,Zontrax,9,11/25/2024,XV,Cochrane,87850 Scoville Hill,LoBarnechea,20.2459993,51.7667457,"20.2459993, 51.7667457",70,306,752,"Predovic, Armstrong and Torphy",reczJsI0BAd6SfDAu,"23,547,673,812",,"543,757,908",
11,Zontrax,8,5/30/2024,XIV,General Lagos,08 Blaine Crossing,LasCondes,-44.3606211,-3.3937106,"-44.3606211, -3.3937106",79,400,315,Rempel and Sons,recTeStUL3L0uK0nD,"422,725,966",,"28,635",
62,Zontrax,3,6/23/2024,RM,Santa Cruz,98256 Oak Court,SanJoaquin,-88.0500000,15.5166700,"-88.05, 15.51667",84,292,110,Gulgowski Inc,recWjYxpFf0WXYGHa,329,,"100,367,656,900",
319,Zontrax,5,8/9/2022,I,General Lagos,0 Bartelt Avenue,SanJoaquin,5.8978018,43.4945737,"5.8978018, 43.4945737",59,151,788,Mertz and Sons,recYIGJXrG6VpxDXy,"103,464,569,886",,"170,484",
339,Flowdesk,2,12/26/2023,XIV,Río Ibáñez,976 Westend Trail,SanJoaquin,-91.7660525,17.7409147,"-91.7660525, 17.7409147",79,84,572,Schowalter and Sons,receeIKgdBKo7f741,723,,,
447,Flowdesk,1,11/8/2023,IV,Carahue,52280 Namekagon Park,LoBarnechea,-77.0881034,18.1752248,"-77.0881034, 18.1752248",86,147,133,Nolan-Hilpert,reczHsEWXpOSjfOz8,"114,732",,33,
77,Flowdesk,3,5/24/2023,XV,Cochrane,192 Moose Junction,LoBarnechea,56.1396282,55.2160303,"56.1396282, 55.2160303",29,341,288,"Williamson, Krajcik and Beatty",recCXY8ad23RTHrST,"16,294,604,855",,,
34,Flowdesk,6,8/24/2023,VII,Calama,314 Amoth Pass,LoBarnechea,4.8886159,52.3738284,"4.8886159, 52.3738284",98,400,259,"Spencer, Mayert and Boyer",recFnkDrJhGXEdKOk,"91,269",,"213,377",
12,Flowdesk,7,7/15/2022,XIV,Los Muermos,26 Eliot Avenue,Providencia,-91.3771517,14.4461278,"-91.3771517, 14.4461278",19,272,466,Walker Inc,recXOcMjsRm4K0qec,11,,"51,249,579,693",
170,Tempsoft,7,10/2/2022,V,Lolol,4456 Thierer Plaza,Macul,-104.9078597,21.5032386,"-104.9078597, 21.5032386",43,182,808,Cassin Group,recuFDF65IxfAZ520,557,,"206,290",
465,Tempsoft,7,1/5/2024,XII,Victoria,41 Burrows Court,SanJoaquin,-70.5263459,19.3947363,"-70.5263459, 19.3947363",98,125,755,"Conn, Corkery and Lockman",rec5fB3ClwaWpfjTa,979,,"698,716",
149,Tempsoft,4,10/21/2021,IX,Tocopilla,8 Debs Pass,LoBarnechea,117.2793685,-8.5895217,"117.2793685, -8.5895217",39,80,783,"Lemke, Swift and Brown",recboyKnF0ojRnON7,831,,333,
486,Tempsoft,7,7/1/2024,XIV,Puerto Octay,272 Victoria Center,Macul,-41.8890420,-22.7563906,"-41.889042, -22.7563906",68,16,95,"Mohr, Trantow and Collier",recfv4eA9l1NkitWb,57,21,"11,214,403,843",
352,Tempsoft,1,12/17/2022,V,Quemchi,35 Corry Place,Macul,121.8525000,-10.5390000,"121.8525, -10.539",26,315,819,Adams Inc,recg4K8JAtyovXGyd,"607,784,978",,399,
21,Tempsoft,2,12/5/2023,X,Melipeuco,29 Porter Circle,Paine,-84.9274540,9.8239610,"-84.927454, 9.823961",53,272,922,Nolan and Sons,recj2TDYKIQ67HOoV,"371,647",,"513,658,795",
464,Tempsoft,6,12/9/2024,V,Futaleufú,59111 Basil Park,Providencia,-99.1411154,23.7369164,"-99.1411154, 23.7369164",30,213,470,"Jacobs, Lindgren and Kunde",reckfrRSvmJmvVvIc,"564,771",,324,
300,Tempsoft,5,8/11/2023,XIV,Collipulli,38 Loeprich Lane,LoBarnechea,19.1804324,49.6859609,"19.1804324, 49.6859609",41,317,900,"Mann, Brown and Koss",reclYzUHx1xA2EN8K,"83,967",,"294,749",
13,Tempsoft,2,4/28/2023,RM,Coihaique,74 Oak Road,Macul,112.7341740,38.4166630,"112.734174, 38.416663",64,336,401,"Kub, McClure and Wehner",recKf0nZrUGhhXrCT,,,293,
420,Tempsoft,9,1/29/2024,RM,San Antonio,798 Autumn Leaf Junction,Paine,101.6385328,15.4963503,"101.6385328, 15.4963503",49,7,248,"Daniel, Orn and Metz",recQR03PDLp1wzVYn,517,80,,
480,Overhold,4,11/2/2024,IV,Futaleufú,5 Anthes Court,SanJoaquin,116.0906050,36.8531220,"116.090605, 36.853122",48,202,288,Hilpert and Sons,recqKB37xKBUtmLQx,992,,557,
83,Overhold,5,2/26/2024,XIV,San Ramón,8 Mallory Place,LoBarnechea,6.7984130,11.0108800,"6.798413, 11.01088",22,2,622,"Collins, Rath and Fahey",recvXoXmBj4naSG8B,253,,,
141,Overhold,3,4/3/2023,X,Coltauco,52030 Sheridan Park,Providencia,18.8248439,50.9468692,"18.8248439, 50.9468692",38,243,546,"Kilback, Blanda and Torphy",recwEN29b8OSfVBM4,"56,268,982",,,
18,Overhold,7,6/5/2024,III,Valdivia,384 Heffernan Park,Macul,35.0509600,32.1082800,"35.05096, 32.10828",89,334,559,Kreiger Inc,rec0T2FLKXlUxSbf8,"542,834",,438,
220,Overhold,5,8/20/2022,RM,San Antonio,0 Moulton Road,Paine,2.2166408,48.9003986,"2.2166408, 48.9003986",58,396,641,Kohler Inc,recbH2gGYcWCsie3b,"697,975",,,
27,Overhold,10,2/15/2024,VII,Los Muermos,8 John Wall Drive,Providencia,124.1066810,7.8345010,"124.106681, 7.834501",29,353,645,Feest LLC,recgq68QhUYMcv9PW,190,13,,
256,Overhold,3,12/20/2023,XIV,Carahue,33353 Mariners Cove Plaza,LoBarnechea,113.3231440,23.2997268,"113.323144, 23.2997268",4,316,771,"Emmerich, Kuvalis and Rowe",recM5TxzZZA38feGk,"741,976",,"147,780,943",
14,Overhold,5,2/2/2022,XIV,Ránquil,7165 Kings Park,LoBarnechea,118.3226630,29.6039150,"118.322663, 29.603915",9,237,441,Ward LLC,recVsqWm5crgjXRxm,"456,608,699,770",,"318,607,950,961",
265,Veribet,8,12/17/2024,XII,Victoria,9723 Heffernan Road,SanJoaquin,121.5601300,38.9194140,"121.56013, 38.919414",16,166,563,Nicolas LLC,recZQtHrcMITQQscq,621,,"189,316,570,636,985",
378,Veribet,7,2/12/2022,VII,Pumanque,77 Sugar Way,Paine,114.9724513,-8.2451851,"114.9724513, -8.2451851",56,340,994,Bruen-Zboncak,reclPvE1FKQMI7Xfi,"359,624,869,881",,993,
400,Veribet,5,11/5/2022,XIV,Collipulli,8 Fordem Lane,LoBarnechea,5.1345996,48.1096576,"5.1345996, 48.1096576",28,359,898,"Paucek, Carroll and Ferry",recAqP7bt79OY4pna,,,"568,731",
332,Veribet,4,2/3/2023,V,Huara,9 Vidon Junction,LoBarnechea,43.7629729,44.2634010,"43.7629729, 44.263401",30,174,25,Green Inc,recDUUIZM1IZDGHaq,121,,"221,269",
85,Veribet,4,4/30/2022,II,Chañaral,5716 Bonner Crossing,LoBarnechea,33.8032762,31.1320930,"33.8032762, 31.132093",83,137,902,"Lindgren, Christiansen and Thiel",recIV5IN8fq2AhVun,"310,453,493",,"268,586,907",
15,Veribet,8,4/21/2024,RM,Pozo Almonte,4 Ludington Lane,Macul,-43.4607419,-22.7561319,"-43.4607419, -22.7561319",89,368,382,Barrows-Brakus,recUjFnZlvYY2vfCP,"111,973",,"173,781",
60,Veribet,10,3/7/2022,XII,Máfil,07623 Pawling Place,LoBarnechea,126.0961100,39.1425000,"126.09611, 39.1425",82,143,921,"Cremin, O'Hara and Connelly",recU1TdwH8gYdJV2D,509,,"92,497,754",
494,Voltsillam,9,4/6/2023,IV,Chépica,25 Milwaukee Trail,Providencia,-70.7081000,-30.0319000,"-70.7081, -30.0319",64,324,498,"Gutkowski, Leffler and Murphy",recqcZT9Pw6v08f1A,"500,949",,"663,748",
162,Voltsillam,9,10/26/2023,RM,Santa Cruz,2281 Paget Terrace,SanJoaquin,147.2679116,-43.3937074,"147.2679116, -43.3937074",25,293,816,Spinka Group,rec1op4D7Zy0Srhsb,"9,950",,894,
16,Voltsillam,7,2/27/2024,II,Freire,7464 Kedzie Trail,Macul,5.9279895,49.6597583,"5.9279895, 49.6597583",15,242,923,"Gerhold, Quigley and Rogahn",rec80YxYegOCNW00D,352,,"122,729",
416,Voltsillam,1,5/30/2022,II,Freire,720 Nova Plaza,Macul,37.4974776,35.7819637,"37.4974776, 35.7819637",18,288,485,Jast and Sons,recdWhhv2NSSj3QdP,254,,,
423,Voltsillam,3,11/28/2022,RM,Carahue,276 Moulton Circle,Providencia,85.9083970,52.0208020,"85.908397, 52.020802",89,157,221,"Funk, Watsica and Hettinger",rechsdUnTw9xTuPaH,731,,"223,838,962",
263,Voltsillam,9,6/17/2023,III,Chillán,39 Sage Point,Paine,44.6998779,40.5784827,"44.6998779, 40.5784827",63,138,946,Schiller-Zemlak,recA01w6AFNWmdVRe,"556,686",,745,
173,Voltsillam,1,5/28/2022,IX,Chimbarongo,5 Sunbrook Way,Paine,140.5615795,36.4707823,"140.5615795, 36.4707823",76,127,926,"Williamson, Mitchell and Keeling",recH0Hmz3rEJoQtB4,"457,582,715",,80,
138,It,7,12/6/2024,III,Lonquimay,3154 International Hill,Providencia,118.5893960,25.9481090,"118.589396, 25.948109",84,184,673,Block-Fisher,rec9Mqcb0AX5gvNMQ,381,,"339,464",
365,It,3,7/24/2022,XII,Victoria,6612 Elgar Street,SanJoaquin,120.9217260,31.0362180,"120.921726, 31.036218",74,140,105,Funk Group,recKfvyoqIdIabTNF,"225,234,488",,"199,493,829",
17,It,7,5/6/2024,VI,Punitaqui,45 Macpherson Circle,LoBarnechea,110.4311560,-6.9857140,"110.431156, -6.985714",20,57,205,"Von, Johnson and Dooley",recKuFr7UiAbQFzDy,,,,
383,It,10,10/10/2023,XIV,San Ramón,4840 Spaight Crossing,LoBarnechea,-65.8649827,-17.3399775,"-65.8649827, -17.3399775",57,29,182,Little-Wunsch,recQmZVl7kqSCXf8V,541,,292,
86,It,3,7/28/2023,XIV,Puerto Octay,64 Schmedeman Pass,Macul,-44.2039901,-21.0800303,"-44.2039901, -21.0800303",93,361,539,Gottlieb-Raynor,recQD8DnYXIu4eaMg,"87,124,369,668",,"242,254",
491,Transcof,6,5/31/2023,VI,Valdivia,732 Sycamore Center,LoBarnechea,114.5389610,36.6256560,"114.538961, 36.625656",91,139,456,"Rippin, Herman and Heaney",rec1D2Z4tD3cLxmV9,"146,384",,773,
178,Transcof,2,5/6/2023,VII,Pumanque,26 Badeau Circle,Paine,-8.6883541,40.6057199,"-8.6883541, 40.6057199",96,103,561,Stoltenberg LLC,rec3pPcUhamlxWvbP,"174,522",,874,
103,Transcof,2,2/7/2023,XV,Malloa,5015 Lake View Lane,SanJoaquin,106.2904635,-6.2676999,"106.2904635, -6.2676999",59,337,829,Muller-Harber,recg1oPZVZWkMT9tU,"77,532,737",,"20,584,816",
299,Transcof,10,11/19/2022,XIV,Chañaral,2183 Meadow Ridge Center,LoBarnechea,123.3850810,-8.5167606,"123.385081, -8.5167606",32,44,321,Hessel LLC,rechyb4iTG8F655lK,"282,308,875",,856,
205,Transcof,2,4/9/2024,IV,Antofagasta,96 Nelson Trail,SanJoaquin,111.1116153,-7.5996213,"111.1116153, -7.5996213",2,285,788,Thiel Group,recEp8oGVuMRrgh2F,"80,674",,,
266,Transcof,3,6/20/2024,XII,San Antonio,54 Maywood Point,LoBarnechea,28.4163103,-13.1435017,"28.4163103, -13.1435017",20,58,967,Bode and Sons,recLrlMNBffCrbubb,"327,402,969",,"43,455,618",
19,Transcof,8,10/1/2021,I,General Lagos,131 Mendota Drive,SanJoaquin,8.9266041,44.4248175,"8.9266041, 44.4248175",49,44,652,"Bogan, Kutch and Kessler",recQRmEAecOTFABO3,775,,,
489,Zamit,10,3/3/2022,XII,Chiguayante,00106 Washington Center,Paine,106.7112933,-6.2835218,"106.7112933, -6.2835218",67,132,179,Schowalter-Armstrong,recpCjkg2fCX9bYLf,883,,"111,552,608,626,692,897",
495,Zamit,3,4/3/2024,RM,El Carmen,589 Alpine Hill,SanJoaquin,118.0771515,-8.6863300,"118.0771515, -8.68633",83,56,323,Adams Group,reciV57IVJwUZxPEU,130,3,"362,404",
157,Zamit,7,1/30/2024,IV,Freirina,88 Elmside Avenue,Providencia,46.8282768,43.0827206,"46.8282768, 43.0827206",76,233,434,Hayes-Bradtke,recjKCSruuJDLxCbN,17,,"240,277,351",
255,Zamit,8,2/27/2022,V,Ollagüe,82424 Warner Center,LasCondes,17.9509504,59.3245933,"17.9509504, 59.3245933",78,268,879,Welch Group,reclqybufDqdtvrHL,,,"46,413,453,617",
20,Zamit,6,7/3/2024,RM,San Antonio,2 Reindahl Trail,Paine,-68.3426534,-34.6143394,"-68.3426534, -34.6143394",8,236,576,Kuphal Inc,recoSyDBkz2X8h0iL,"615,960",,"258,845",
306,Zamit,2,6/20/2024,X,Lago Ranco,5207 Roxbury Alley,LasCondes,109.7684510,25.1305940,"109.768451, 25.130594",62,41,909,Kerluke-Treutel,recAlCN5OxdJCt8xI,"440,665",,"590,614",
271,Zamit,5,5/15/2024,X,Coquimbo,4 Butternut Alley,LasCondes,-27.2681490,38.6560210,"-27.268149, 38.656021",19,56,996,"Schaefer, Satterfield and Nolan",recRY5U8ReTFBcxzV,,"16,84","474,582",
438,Zamit,9,6/14/2024,III,Lonquimay,951 Esch Lane,Providencia,22.9827384,39.3704516,"22.9827384, 39.3704516",24,232,194,Kirlin Inc,recSZc8TAX7M4gEQ8,"148,336",,,
290,Konklux,5,7/16/2023,VII,Timaukel,4 Thierer Place,Paine,21.1806058,45.2224944,"21.1806058, 45.2224944",14,50,221,Kunde-Metz,recq7hMXXL53x8ufD,"165,944,952",,"458,787",
22,Konklux,1,9/14/2023,XIV,Andacollo,2 Gulseth Parkway,Macul,35.0341600,32.2012500,"35.03416, 32.20125",93,192,703,Krajcik and Sons,rectYJDF4lybiG4tq,"270,591,845",,"117,965",
422,Konklux,4,6/3/2022,XIV,Andacollo,6 Atwood Court,Macul,-53.3806553,-31.5758740,"-53.3806553, -31.575874",69,167,121,Renner-Murray,recaVQ4CJEAxd657c,"757,947",,"467,489,531,840,903",
346,Konklux,1,10/4/2021,VII,Cochrane,73 Wayridge Place,Providencia,94.8261424,20.9006356,"94.8261424, 20.9006356",24,276,986,Mante-Wisozk,recnW1en3Ofye5yu9,248,,"70,411",
47,Konklux,6,6/17/2023,IV,Carahue,5 Heath Street,LoBarnechea,17.0907562,50.0116973,"17.0907562, 50.0116973",88,313,886,Wunsch and Sons,recE592blvGkBeXrG,194,,"112,592,862",
219,Konklux,6,10/29/2021,I,General Lagos,899 Little Fleur Road,SanJoaquin,21.7662019,42.4609263,"21.7662019, 42.4609263",75,291,526,"Waelchi, Fahey and Stehr",recSyECHplmJBHwyW,878,,"341,527,553",
481,Aerified,4,6/24/2023,II,San Bernardo,0 Old Shore Parkway,Paine,98.4787590,3.8788254,"98.478759, 3.8788254",42,349,188,Graham and Sons,recstoNhBjMnykOGi,"460,595,626,710",,"239,272,523,534,696",
40,Aerified,1,6/2/2024,IX,Rinconada,151 Norway Maple Terrace,SanJoaquin,-69.0393069,10.1197024,"-69.0393069, 10.1197024",71,84,944,Corwin and Sons,recuLSAhT3LGj4Y74,"364,636",,"198,525",
278,Aerified,8,8/14/2022,VII,Pumanque,02655 Clove Crossing,Paine,111.3694594,-6.7290837,"111.3694594, -6.7290837",6,368,938,Walsh-Raynor,rec1PWnlmCcB5ORne,227,,"451,640",1
122,Aerified,7,8/1/2023,XIV,Andacollo,2 Granby Trail,Macul,128.3977049,35.9890430,"128.3977049, 35.989043",71,334,178,Jaskolski LLC,recaLti5N7zS730Y4,"181,530",,703,
245,Aerified,5,11/26/2024,VI,General Lagos,6 Knutson Point,SanJoaquin,139.7728757,-2.6738670,"139.7728757, -2.673867",54,368,507,Bartell-Gislason,recezQOQCX6KPUonr,858,,"761,779",
224,Aerified,3,6/7/2022,VII,Quemchi,7 Roth Parkway,Providencia,18.8133859,52.8564850,"18.8133859, 52.856485",38,378,157,"Hamill, Price and Hoeger",reckfSCfcZD3cDufp,"300,481,941",,"191,243,968,986",
96,Aerified,4,6/27/2023,II,Padre las Casas,076 Dryden Terrace,Providencia,29.0809012,-9.7936959,"29.0809012, -9.7936959",30,4,942,"Gleichner, Mohr and Yost",reczScOFk1agnVvN1,,,"358,495",
394,Aerified,7,8/30/2024,IV,Chépica,6879 Basil Plaza,Providencia,102.2862694,-0.3915604,"102.2862694, -0.3915604",35,165,527,"Rau, Hegmann and Mitchell",recADxJn5HZXmFXzc,"448,649",37,"72,346,567,629,651",
23,Aerified,1,7/6/2023,RM,Carahue,7048 Merchant Avenue,Providencia,63.7528800,34.3401300,"63.75288, 34.34013",50,231,446,"Towne, Ferry and Nader",recBSt9YFC0RlfSFJ,802,,"21,271,876",
130,Aerified,1,11/23/2024,V,Zapallar,74954 Southridge Place,Paine,11.4865869,58.3786073,"11.4865869, 58.3786073",50,254,947,"Keeling, Nikolaus and Dicki",recHMeEn36ARz0rFM,7,,"756,848",
426,Aerified,7,10/23/2022,I,El Carmen,959 Manley Street,Providencia,104.6349830,35.0039400,"104.634983, 35.00394",42,135,556,McGlynn Group,recLYIBKA4QHHHFet,"726,829,888",,"166,334,841",
360,Aerified,10,8/12/2024,XII,Máfil,54 Hoffman Hill,LoBarnechea,105.2554910,32.3138220,"105.255491, 32.313822",12,251,69,Ebert-Oberbrunner,recQe6sHTDHcettwp,663,,,
75,Aerified,2,9/13/2022,V,Alto Biobío,216 Waxwing Alley,SanJoaquin,21.7444457,51.6403247,"21.7444457, 51.6403247",87,18,614,Crist and Sons,recU6S9q7NuhieMnb,633,,"419,677,905,970",
248,Aerified,2,11/15/2021,X,Lanco,74 Shelley Plaza,Macul,-85.5290610,9.8829300,"-85.529061, 9.88293",41,338,196,Effertz-Murazik,recYvPAlEVYHaCvVp,"198,634,661",,"443,973",
283,Stim,9,5/6/2022,XIV,San Ramón,4239 Declaration Crossing,LoBarnechea,123.6998300,-10.3100000,"123.69983, -10.31",29,41,482,Kovacek LLC,rectidZrg7YJThPwB,506,,509,
24,Stim,7,1/13/2022,VII,Quemchi,26085 Mallory Alley,Providencia,7.6222665,12.9815608,"7.6222665, 12.9815608",55,102,708,"Kuvalis, Lind and Cronin",recvo9MK2wqwwW2VK,187,,"233,434,676",
218,Stim,5,8/13/2024,III,Valdivia,44749 Ohio Drive,Macul,-75.6985710,8.7971450,"-75.698571, 8.797145",37,41,255,Fahey-Beahan,recR6H6WuqB0teSNq,"719,890",29,"157,171,431,571,720",
330,Stim,1,10/9/2024,V,Zapallar,7 Carey Lane,Paine,114.3671890,48.0515420,"114.367189, 48.051542",33,171,839,Abernathy-Yundt,recXvJUu5mAjjTl0C,"31,61,110,320","60,92","884,953",
123,Holdlamis,5,12/22/2023,RM,Carahue,02827 Raven Alley,Providencia,34.3809905,-8.7072090,"34.3809905, -8.707209",73,199,24,Armstrong and Sons,recuCPEin7qLGPNLG,450,,42,
321,Holdlamis,4,6/14/2022,X,Melipeuco,79 Eagan Circle,Paine,-8.6450785,42.0328151,"-8.6450785, 42.0328151",65,11,566,"Brown, Wuckert and Jenkins",recwj4UVIsBYWO7VO,306,,"120,702",
25,Holdlamis,6,12/8/2021,II,Coquimbo,8410 Southridge Court,LoBarnechea,103.8050120,25.4952410,"103.805012, 25.495241",31,284,5,"Sporer, Lang and Legros",rec35IRWNybHKpih0,414,,"149,837,842",
98,Holdlamis,3,5/8/2023,V,San Esteban,970 Autumn Leaf Junction,Providencia,139.3844092,37.9337124,"139.3844092, 37.9337124",9,339,804,Keeling Inc,rec5wiFKGfFELOMBQ,,,"390,743",
184,Holdlamis,1,7/23/2024,III,Rinconada,51188 Northland Road,LasCondes,108.2075180,-7.3564660,"108.207518, -7.356466",30,239,450,McKenzie-Pfeffer,rec6ElBD0mhXmYOfL,"19,925",,426,
188,Holdlamis,9,9/30/2022,RM,Tocopilla,2 Cottonwood Hill,LasCondes,27.4703402,55.3682716,"27.4703402, 55.3682716",74,269,806,"Rempel, Stiedemann and Rutherford",reclkLTIkhZdLRlH6,"20,279,332,501",,"533,613",
114,Holdlamis,7,7/31/2022,XIV,Ránquil,55885 Prairieview Avenue,LoBarnechea,-65.2939441,-24.1959097,"-65.2939441, -24.1959097",47,350,751,"Harvey, Gutmann and White",recDtkbKoPQlMF4Tp,"224,570,915",,"62,750",
289,Holdlamis,2,11/22/2024,XII,Chiguayante,68348 Cherokee Terrace,Paine,15.6021050,58.3234233,"15.602105, 58.3234233",44,173,957,Kuvalis-Stiedemann,recLOBwv4sTWrbfA4,287,,"514,997",
26,Latlux,6,4/30/2024,I,El Carmen,3 Larry Junction,Providencia,119.4701600,32.1982800,"119.47016, 32.19828",70,72,32,"Kunde, Yundt and Marks",rec5YFK20TK64wosK,"311,408,671",,,
241,Latlux,4,1/16/2022,X,Coltauco,98555 Troy Road,Providencia,48.2642387,33.8639888,"48.2642387, 33.8639888",49,214,346,Greenfelder-Ebert,rec89uZyFiPcaaYhk,"42,71,632",,,
145,Latlux,5,9/14/2024,VI,General Lagos,306 Gateway Street,SanJoaquin,119.7517150,34.5093250,"119.751715, 34.509325",40,336,4,Pacocha Group,recncF9CPzFibjp6Q,"380,924",,"10,710",
240,Latlux,2,6/28/2023,IX,Rinconada,18538 Meadow Valley Park,SanJoaquin,68.0477509,36.1560347,"68.0477509, 36.1560347",80,233,932,"Bogan, Quitzon and Goyette",recADxGJbw0Q3GoK7,"273,764",70,"93,276,312,852",
63,Latlux,8,12/16/2021,III,Chillán,8 Nelson Way,Paine,111.4853040,24.1345180,"111.485304, 24.134518",57,251,99,Will Inc,recN4C2xGzuFyrZLJ,"550,707",,349,
94,Home Ing,3,9/17/2022,IV,Chépica,44 Hazelcrest Avenue,Providencia,139.5007628,35.3890138,"139.5007628, 35.3890138",10,279,683,Crist Group,recseNay7wbhtsKaf,"417,672",,,
335,Home Ing,8,9/29/2024,VI,Ancud,96 Tony Drive,Providencia,-13.0961989,8.2158527,"-13.0961989, 8.2158527",46,5,723,"O'Keefe, Schiller and Cummings",recvUlINp6jnJfi0h,901,,"8,423,736,940",
496,Home Ing,6,9/23/2022,II,Padre las Casas,8 Grasskamp Crossing,Providencia,30.3089541,-27.6711693,"30.3089541, -27.6711693",63,348,375,Stroman and Sons,rec2XUwP6xMDjBZrj,574,,"66,456,563",
396,Home Ing,8,11/12/2021,II,Padre las Casas,15 Sugar Drive,Providencia,22.9989148,41.2612832,"22.9989148, 41.2612832",8,150,677,Cole and Sons,recdVZySJwgYwGyi8,"600,746",,822,
28,Home Ing,5,3/8/2023,V,Mariquina,8 Tomscot Junction,Providencia,-76.6437550,3.0133400,"-76.643755, 3.01334",48,221,744,Vandervort Inc,recevbG3c9xCtqcuX,850,,,
97,Home Ing,2,5/5/2022,V,San Rosendo,30 Birchwood Avenue,LoBarnechea,-60.9326374,-34.5865835,"-60.9326374, -34.5865835",18,344,97,Smitham-Krajcik,recfPRDrY8XPO0tPG,74,,381,
407,Home Ing,4,4/30/2023,VII,Putre,9038 Goodland Parkway,LasCondes,139.7894017,35.8896981,"139.7894017, 35.8896981",74,217,218,"Nienow, Beier and Heidenreich",recodrzLF5DrQbfO6,"89,218,704,776,830,920",,"452,561,672,825,912,998",
212,Home Ing,5,10/12/2022,XIV,Los Muermos,745 Sachs Avenue,Providencia,-65.2222480,-24.2716948,"-65.222248, -24.2716948",59,21,497,Cruickshank and Sons,recCgKf5FqKtSxYNP,,,372,
116,Home Ing,8,10/3/2022,II,Freire,3532 Oriole Parkway,Macul,-40.2884386,-7.7400990,"-40.2884386, -7.740099",87,227,775,Cruickshank-Hand,recIr1st1BGIsVJJy,499,,"235,625,942",
302,Sonsing,1,3/21/2023,X,Lampa,417 Comanche Hill,Macul,107.0833330,-6.6000000,"107.083333, -6.6",2,396,146,Botsford-Conroy,recp5V0jhj5xQPahy,"58,82,116,340,942",,"602,902",
343,Sonsing,4,11/29/2021,XV,Camarones,53061 Florence Trail,SanJoaquin,112.5511892,37.8298386,"112.5511892, 37.8298386",6,388,109,Lebsack-Huels,recvtumQfFSP0x5QC,"640,660",,"95,407,546,724",
119,Sonsing,10,3/10/2023,I,General Lagos,852 Paget Plaza,SanJoaquin,140.5203882,37.8410460,"140.5203882, 37.841046",11,381,513,Stroman Group,rec5L6kao0UmvkDb4,"4,585",,"31,418",
29,Sonsing,6,6/16/2023,RM,San Ramón,74 Morrow Plaza,Macul,-72.5003179,6.5527410,"-72.5003179, 6.552741",90,77,526,Hansen Group,recmCmDsXoSkxp1Ve,"240,315,409",,"671,833",
201,Sonsing,10,1/13/2022,VII,General Lagos,31465 Village Road,LoBarnechea,106.1081103,20.4416309,"106.1081103, 20.4416309",75,92,277,Reilly LLC,reco8U1OidsKvoDYI,"277,281,303",36,501,
46,Sonsing,10,2/14/2022,VII,Cochrane,86 Sauthoff Lane,Providencia,-91.1337370,14.7673116,"-91.133737, 14.7673116",77,328,374,Terry LLC,recMuzAiBWpHNzl1c,"160,193,703",34,747,
210,Sonsing,6,5/1/2022,XIV,Ovalle,7 Glacier Hill Point,Providencia,-87.6482474,41.8062766,"-87.6482474, 41.8062766",14,309,191,Fahey and Sons,recWTbJDzYKzdFzKw,"178,421,993",93,"811,954",
30,Fix San,8,8/13/2024,V,Zapallar,7 Menomonie Terrace,Paine,-53.9759139,-27.5571934,"-53.9759139, -27.5571934",28,390,851,Zboncak Inc,recpOt2cw7m50TPI4,,,"17,263,432",
165,Fix San,8,1/16/2023,XII,Victoria,1019 Kinsman Park,SanJoaquin,117.4574970,2.0932570,"117.457497, 2.093257",89,226,816,Mayert Inc,rec2UbTUVwfLEXw8W,"96,537",,925,
442,Fix San,8,5/30/2023,XII,Monte Patria,2271 Spohn Way,SanJoaquin,112.0739610,29.2659440,"112.073961, 29.265944",67,304,209,"Mitchell, Zieme and Kutch",recfCszKRm1sAj6gA,3,33,"77,446",
303,Fix San,9,6/6/2023,XV,Malloa,32145 Anthes Trail,SanJoaquin,-9.1706522,39.2274333,"-9.1706522, 39.2274333",12,15,945,Keebler and Sons,recj9fV71k7Ct4Bel,711,,"69,236",
418,Fix San,8,11/9/2024,III,Valdivia,17795 Ridge Oak Crossing,Macul,-46.5728156,-22.0699763,"-46.5728156, -22.0699763",23,120,29,"Schinner, Zieme and Jacobi",recBuftYs9xO6zJtz,"425,905",,"314,385,490,609",
432,Fix San,5,10/17/2024,V,Huara,3 Jenna Terrace,LoBarnechea,-100.3841810,20.5858630,"-100.384181, 20.585863",84,313,681,Smitham-Haley,recJXQhvCjrKtoni1,"642,738,815,977",,"354,738",
333,Fix San,7,3/3/2024,V,Santa Bárbara,0652 Banding Park,SanJoaquin,117.2510760,34.2531640,"117.251076, 34.253164",69,85,744,"Heathcote, Goyette and Kertzmann",recO2fu2a8sWVltfL,"195,238,598,752",,265,
57,Fix San,8,8/8/2022,IV,Freirina,00 Sheridan Way,Providencia,123.5161366,10.0304186,"123.5161366, 10.0304186",15,344,228,Willms Inc,recQ36U1MvCTgm0QN,"40,628",,"250,565,573,778",
115,Sonair,9,2/8/2024,RM,Pozo Almonte,47049 Prairieview Circle,Macul,67.7914041,38.0099999,"67.7914041, 38.0099999",53,94,206,"Braun, Predovic and Kutch",rec3xwPG6CJxnNRq5,"205,293,486,810,936,959",,826,
109,Sonair,9,9/21/2021,VI,Río Ibáñez,028 Eastlawn Avenue,LoBarnechea,126.6441618,41.4564504,"126.6441618, 41.4564504",31,319,475,Hackett-Jones,reccRPsrQNWs2q1Pw,"562,565",,,
32,Sonair,7,2/2/2023,V,Huara,30276 Burning Wood Alley,LoBarnechea,120.0907688,30.8783105,"120.0907688, 30.8783105",88,257,365,Thiel-Zemlak,recTJ9UlGXcdZCauk,"120,351,667,787",,"246,581,941",
391,Namfix,3,7/19/2023,VI,Valdivia,0 Delaware Way,LoBarnechea,-77.0296020,-12.0646820,"-77.029602, -12.064682",56,189,450,Bednar-Champlin,recpq5cbDAwZgZRMq,"229,353,577",40,"599,707",
144,Namfix,7,10/14/2021,XV,Camarones,0 Hovde Pass,Providencia,-74.2235641,-13.1638737,"-74.2235641, -13.1638737",17,74,733,"Thiel, Emard and Mueller",rec2ufDWoaAlosv68,755,,,
197,Namfix,9,11/12/2023,V,San Rosendo,8 Bartillon Drive,LoBarnechea,103.7983752,1.5484759,"103.7983752, 1.5484759",85,183,217,Champlin and Sons,rec8yvQC0QC7ZBNG2,594,,771,
257,Namfix,4,9/5/2024,IV,Freirina,59907 David Alley,Providencia,8.8583309,11.5484585,"8.8583309, 11.5484585",16,302,37,"Witting, Schiller and Baumbach",receeI7I77WEJbGBy,"219,805",,"41,936",
417,Namfix,1,10/10/2022,VI,Punitaqui,1100 Cardinal Circle,LoBarnechea,118.0855763,24.4670098,"118.0855763, 24.4670098",66,162,384,Leuschke-Hermiston,recfdufuelAXgkFLO,"48,302,324",,918,
231,Namfix,1,2/16/2023,VII,Alto Hospicio,65 Fair Oaks Point,Macul,87.1321485,52.2467948,"87.1321485, 52.2467948",84,262,627,"Franecki, Glover and Thompson",recfqbfBr0Ka4ajgc,,,,
313,Namfix,1,9/24/2022,RM,Coihaique,06589 Birchwood Circle,Macul,-8.4531054,41.7977426,"-8.4531054, 41.7977426",67,10,320,Terry-Bradtke,recnFJEPABqDfCVvX,897,,628,
187,Namfix,9,10/13/2021,RM,Peñaflor,14 Summer Ridge Terrace,Providencia,119.9484864,-3.2325539,"119.9484864, -3.2325539",14,325,396,"Runolfsson, Yost and Schneider",recGHzfu3OFa8Hgjj,,,"267,866",
33,Namfix,3,1/5/2022,V,Santa Bárbara,17 Myrtle Trail,SanJoaquin,124.4852000,-9.7366000,"124.4852, -9.7366",55,44,332,"Ferry, Little and Block",recQbQkG4u6DM5lRm,"568,644,803",,"332,666,938,976",
151,Mat Lam Tam,7,1/31/2022,II,Los Andes,6476 Division Park,LoBarnechea,-99.1504583,19.4052965,"-99.1504583, 19.4052965",85,118,692,Hammes LLC,recfMmvmwycjyeI7D,"388,652",,831,
35,Mat Lam Tam,5,6/15/2023,VI,Ancud,54 Di Loreto Park,Providencia,139.8969749,35.8496818,"139.8969749, 35.8496818",24,223,511,"Considine, Macejkovic and Jacobi",recj3XdenAotFDRl1,"344,443",,,
99,Mat Lam Tam,3,11/29/2022,XIV,Chañaral,395 Pawling Road,LoBarnechea,108.4166670,-7.0666670,"108.416667, -7.066667",29,76,613,"Bruen, Anderson and Powlowski",recC6gCPge6oMfDkc,"79,885",2,"888,916",
204,Stringtough,5,7/19/2024,XIV,Valdivia,9618 Summit Place,Paine,2.0362602,49.1025395,"2.0362602, 49.1025395",77,162,990,Lehner LLC,recbpDg2cUeAAExnK,"92,99,255,367,427,972",,"473,657,700,786,946,964",
191,Stringtough,5,11/11/2022,VI,Valdivia,70 Shelley Hill,LoBarnechea,110.2243580,30.2891950,"110.224358, 30.289195",19,289,923,Fisher Group,recekoW2xvWCwUtoW,,,,
273,Stringtough,3,9/18/2022,IX,Chimbarongo,351 Pawling Park,Paine,-60.7152064,-31.6146073,"-60.7152064, -31.6146073",23,23,135,Fisher LLC,recgjLFgZ9rSnkfMM,"69,955",,"133,340,839,967",
214,Stringtough,2,6/10/2022,XIV,Ránquil,7 Chinook Place,LoBarnechea,26.7336839,43.6709677,"26.7336839, 43.6709677",42,256,341,Gerhold Inc,rechrsOTDyslCAZbQ,"6,447,964",,"606,885,893",
93,Stringtough,8,11/6/2023,XV,Chillán Viejo,762 Talmadge Park,Macul,111.0341183,-6.5340940,"111.0341183, -6.534094",27,170,460,"Price, Renner and Heidenreich",rechxiNPFPQE7c41i,"343,706",,"302,472,909",
36,Stringtough,6,10/21/2022,XIV,Torres del Paine,35924 Monica Street,SanJoaquin,25.5897031,-24.7711226,"25.5897031, -24.7711226",93,391,570,Kuhic-Ankunding,reco1IE5SQgEV7MdT,"70,185,397,418",,,
329,Stringtough,9,6/21/2024,RM,San Ramón,1988 Becker Trail,Macul,-75.6789905,5.0549877,"-75.6789905, 5.0549877",79,214,859,Kulas Group,recBsIYQX1vgbcbGz,226,,"521,776",
43,Stringtough,1,4/19/2023,XV,Camarones,997 Buena Vista Center,SanJoaquin,5.2893597,47.9318074,"5.2893597, 47.9318074",5,339,154,Sauer-Johnson,recJGpIk5EYBvgCYw,,,169,
190,Stringtough,5,10/10/2023,VII,Timaukel,72337 Lunder Street,Paine,23.2885096,42.6691950,"23.2885096, 42.669195",42,191,60,Carter LLC,recMA8MlZvlRn6Mvd,"374,494",,215,
309,Stringtough,10,12/12/2022,VI,Río Ibáñez,54802 Kim Street,LoBarnechea,15.3602308,67.2611001,"15.3602308, 67.2611001",87,172,416,"Cummings, Buckridge and Keeling",recQ1iORXLFQiRS33,"669,691,808,854,887,963",,"449,460,528,577",
52,Stringtough,7,10/8/2021,V,Quemchi,09082 Kinsman Circle,Macul,136.1682227,36.1473783,"136.1682227, 36.1473783",8,396,779,"Stiedemann, Boyer and Kassulke",recTSXdp4hxgH8Qbs,"361,762",,"325,406,713,869",
471,Stronghold,7,10/16/2021,X,Coquimbo,4 Crest Line Center,LasCondes,-78.5598900,44.2989700,"-78.55989, 44.29897",35,206,599,Hamill Inc,rec2ObNlDInpTvHfI,,,,
37,Stronghold,2,2/7/2023,III,Algarrobo,458 Summerview Trail,Macul,4.2628600,45.7608815,"4.26286, 45.7608815",100,199,20,"Corwin, Hudson and Boyer",rec9nZrCsft9k6Nqs,,,752,
326,Stronghold,2,6/16/2024,I,El Carmen,6 Victoria Street,Providencia,49.0891636,53.8168303,"49.0891636, 53.8168303",62,82,232,Corkery LLC,recl5PhfcqytJTVOs,"796,909",66,"201,535",
102,Stronghold,10,1/23/2022,X,Lampa,12 Homewood Pass,Macul,72.2069276,30.8043158,"72.2069276, 30.8043158",86,94,147,Friesen and Sons,recmtDkaSMdOJ2YKA,559,,"3,245,977",
359,Stronghold,3,6/22/2024,X,Tierra Amarilla,5 Clove Park,Providencia,114.6456570,38.0624280,"114.645657, 38.062428",61,272,573,"Rau, Crooks and Dach",recNRC1t3lZQu9QJo,"233,337,513",,479,
317,Lotlux,4,12/3/2021,VI,Punitaqui,227 Harper Alley,LoBarnechea,69.3808731,37.4701115,"69.3808731, 37.4701115",11,317,533,Emmerich and Sons,recp3V6axLmplnupU,911,,"159,195,307,668",
38,Lotlux,3,1/7/2022,III,Lonquimay,61 Pawling Court,Providencia,72.5051389,32.2298219,"72.5051389, 32.2298219",2,25,616,Haag-Dare,rec9znl8MFvj0yFPP,889,75,298,
153,Lotlux,7,6/15/2022,IV,Punitaqui,756 Thompson Crossing,SanJoaquin,7.1090932,51.5617790,"7.1090932, 51.561779",17,115,557,"Upton, Lebsack and Torp",recatZHBKBRTVRsnR,"143,434",,,
274,Cookley,2,11/22/2024,XIV,Hualqui,78 Briar Crest Lane,Providencia,122.0533593,12.2551576,"122.0533593, 12.2551576",70,154,484,Leannon-Breitenberg,rectwPzEwonWLRwMa,,,648,
341,Cookley,9,3/30/2024,X,Coltauco,27 Erie Hill,Providencia,112.6496620,-7.9553448,"112.649662, -7.9553448",83,139,339,Brakus-Will,recZCrvf0xo4eR2s0,"278,613",,,
368,Cookley,3,3/29/2024,X,Arica,07153 Roth Hill,Providencia,106.0026470,33.0263860,"106.002647, 33.026386",58,280,811,"Beatty, Satterfield and Schulist",rec5lkXZ2jcG3hLxy,"578,904",,"847,992",
196,Cookley,1,2/6/2023,II,Padre las Casas,21 Montana Drive,Providencia,121.4069950,29.6551430,"121.406995, 29.655143",76,91,18,"Schamberger, Konopelski and Flatley",rec5xAQqwbBmuOq1Q,"109,283,389,524,681,767,873,985",77,"44,114",
80,Cookley,7,10/17/2023,IV,Futaleufú,03 Morningstar Trail,SanJoaquin,121.7177272,17.6102139,"121.7177272, 17.6102139",45,297,567,McCullough Group,recanw3r1vyejprw0,"458,896,910",12,687,
39,Cookley,5,6/10/2022,XIV,Río Ibáñez,3 Armistice Drive,SanJoaquin,38.6199751,54.5442039,"38.6199751, 54.5442039",9,245,597,Gaylord-Denesik,recaJeA2XlrS3olO5,"38,217,962",,"27,951",
79,Cookley,6,1/27/2024,III,Providencia,7528 Elmside Center,SanJoaquin,119.4360000,-9.6996000,"119.436, -9.6996",93,228,533,Wolff-Hirthe,recdNIh7UfmCFCvSz,490,,"208,928",
200,Cookley,6,12/12/2021,XIV,Collipulli,0 Thompson Circle,LoBarnechea,130.6838866,33.3437146,"130.6838866, 33.3437146",32,100,520,White and Sons,receghXCShlNGqDdn,872,,597,
49,Cookley,10,9/7/2023,IX,Tocopilla,610 Susan Center,LoBarnechea,17.5927390,43.3831419,"17.592739, 43.3831419",12,256,349,Ziemann-Sauer,recCvpdw9RiLc9Egf,"157,545,851",7,704,
459,Cookley,1,4/14/2023,X,Tierra Amarilla,7696 Rowland Crossing,Providencia,30.6480855,46.2952236,"30.6480855, 46.2952236",40,123,962,"Witting, Watsica and Buckridge",recYVYGVouVRdmSwO,"64,688,799",,363,
41,Bitchip,3,2/8/2022,X,Coltauco,030 Manley Lane,Providencia,7.1769783,47.8074536,"7.1769783, 47.8074536",96,30,416,Corwin-Welch,recmgUeYoyBVGyKq6,"62,323,396",,715,
74,Bitchip,4,3/20/2022,XIV,Hualqui,8143 Washington Alley,Providencia,14.3589429,35.9617036,"14.3589429, 35.9617036",56,233,34,Kiehn-Hudson,recBvZQeTsbnzPLs1,"175,235",,"45,58,162,433,480,560,828",
293,Bitchip,9,11/19/2024,XV,Chillán Viejo,28624 Packers Pass,Macul,22.1857013,40.5615980,"22.1857013, 40.561598",43,298,923,Will-Kovacek,recOZOiwxHj0MDJzh,"191,646,736,785,824",,202,
136,Otcom,9,9/13/2024,XIV,Torres del Paine,892 Mifflin Circle,SanJoaquin,113.3612000,23.1246800,"113.3612, 23.12468",15,153,183,MacGyver Inc,recyaNYxcqWymd3rF,820,,,
413,Otcom,10,1/17/2024,RM,Coihaique,202 Birchwood Crossing,Macul,120.8130073,14.8744012,"120.8130073, 14.8744012",26,374,934,"West, Lebsack and Botsford",recaRazQFD9md8WDx,"156,319",18,"79,818,974",
42,Otcom,7,5/11/2022,XII,Monte Patria,68262 Karstens Way,SanJoaquin,129.9131287,61.9639779,"129.9131287, 61.9639779",2,57,469,"Bechtelar, Hoeger and Lebsack",recd5cfsGTeSDLKlA,"264,428",,"598,999",
233,Otcom,4,8/25/2023,V,Santa Bárbara,7 Hudson Hill,SanJoaquin,17.7224400,51.0758800,"17.72244, 51.07588",22,217,539,Kunze-Ferry,recCQjE2FxYCXDJNU,"814,994",,,
354,Otcom,1,7/27/2023,VI,Lanco,854 Holmberg Crossing,Macul,-67.9166670,47.2166670,"-67.916667, 47.216667",45,193,622,"Conroy, Barrows and Reinger",recIUwqSoQWQNGXBr,,,"284,356",
192,Otcom,6,3/7/2023,VII,Natales,000 Fordem Circle,Macul,111.4853040,24.1345180,"111.485304, 24.134518",95,285,702,Beahan LLC,recTkQNnkO2uB6hkP,"400,819",,"375,408",1
44,Job,1,10/3/2022,XV,Camarones,5 Little Fleur Plaza,Providencia,50.0932428,30.8936954,"50.0932428, 30.8936954",47,283,758,Hegmann Group,recuzlTPxrtbxazol,"372,412",42,"220,526,728,823",
460,Job,10,9/1/2022,XII,Máfil,38 Waubesa Crossing,LoBarnechea,49.0273549,40.8762849,"49.0273549, 40.8762849",49,105,408,"Roob, Wolf and Jenkins",recEBGrrE2osDIk1b,"188,376,774,939",15,"160,330",
384,Job,2,6/6/2024,III,Rinconada,5644 Atwood Crossing,LasCondes,-104.9739333,39.9311729,"-104.9739333, 39.9311729",97,217,982,Gutmann-Bergstrom,recX5oHjlcVtq64Xr,"137,566",,,
202,Job,10,4/20/2023,X,Lampa,1602 Portage Circle,Macul,-73.6158800,45.2667800,"-73.61588, 45.26678",67,73,419,Ruecker-Pouros,recY36OmArouXq3nK,"250,366,735",,,
121,Domainer,4,9/11/2022,X,Melipeuco,1447 Manufacturers Park,Paine,120.4839000,-10.0533000,"120.4839, -10.0533",99,183,542,"Gerlach, Rogahn and Donnelly",recrF1CYt4TVDFkla,274,,,
474,Domainer,3,2/21/2022,XIV,Hualqui,75 Weeping Birch Plaza,Providencia,114.0733020,22.8064570,"114.073302, 22.806457",31,122,163,Terry-Heaney,recgkHmPpbbUNrmTA,"472,519",56,"76,138,161,911",
168,Domainer,3,1/4/2023,X,Arica,2 Oak Trail,Providencia,114.1142079,-8.4456045,"114.1142079, -8.4456045",66,169,88,"Kub, Kuvalis and Rempel",reczU9nJg7ttP5FAb,"68,239",,"2,359,556,758,760,810,814",
127,Domainer,3,12/19/2024,VII,Los Muermos,7273 West Crossing,Providencia,12.4050400,51.3303754,"12.40504, 51.3303754",83,331,566,"Cronin, Weimann and Veum",recHfslPyDHjqGDz6,"452,678,853",,"405,669",
45,Domainer,2,8/30/2022,VI,General Lagos,1695 Chinook Terrace,SanJoaquin,19.1373554,50.4367995,"19.1373554, 50.4367995",38,399,813,Robel and Sons,recUp1H0lbFdTDQGH,"102,326,777",,81,
308,Bigtax,2,6/29/2022,XIV,Alto Biobío,43 Oak Drive,Macul,108.6334000,-7.1928000,"108.6334, -7.1928",87,120,128,"Bins, Wiegand and Sawayn",rec7ZmFPCxUZ6uTIe,,,"84,799",
380,Bigtax,2,12/9/2021,IV,Futaleufú,10 Summit Park,SanJoaquin,125.3795370,-1.8213645,"125.379537, -1.8213645",81,133,281,Mayer-Yundt,rec8euu05YC7lPfFz,245,73,"29,615",
48,Bigtax,6,3/6/2023,X,Lanco,9890 Schmedeman Pass,Macul,-8.9589310,51.9046350,"-8.958931, 51.904635",85,146,360,"Christiansen, Hessel and Bogisich",recaaPWW5SpL8Ad5b,694,,983,
194,Bigtax,1,12/24/2023,IV,Chépica,8949 Tomscot Pass,Providencia,35.3165200,32.9346750,"35.31652, 32.934675",49,207,828,Mraz-Muller,recI7jWiODwYbNivF,362,,"24,789,800,933",
50,Kanlam,2,6/12/2023,III,Camiña,73 Thackeray Pass,Providencia,6.0839611,49.9386129,"6.0839611, 49.9386129",86,228,448,Hudson Group,recrMaNCoOtGPmMrr,"34,571,825",,"875,931",
126,Kanlam,9,8/30/2024,I,El Carmen,62 Lukken Drive,Providencia,35.1624000,31.9540200,"35.1624, 31.95402",6,133,812,Parker-Konopelski,rectIEbGd5p1E9ZMY,75,"28,90",764,
356,Kanlam,3,6/11/2022,XIV,Carahue,8 Mesta Plaza,LoBarnechea,139.7894017,35.8896981,"139.7894017, 35.8896981",43,10,445,Kihn and Sons,rec3ITEhmeYPo6AgK,41,,"106,595,827,891,937",
133,Kanlam,3,4/13/2023,V,Santa Bárbara,56 Ridgeview Plaza,SanJoaquin,-0.1255489,51.5195403,"-0.1255489, 51.5195403",17,115,599,Dicki LLC,rec7YWuVLOlPuAT6y,"349,555,702",76,"361,612,934",
81,Kanlam,9,5/8/2024,II,San Bernardo,2748 Tennyson Street,Paine,115.2624778,-8.5068536,"115.2624778, -8.5068536",97,206,767,Hilll-Kshlerin,rec7ZGx7PoGn6vZS7,"36,51,811",,"286,547",
250,Kanlam,8,7/13/2023,III,Camiña,720 Harper Circle,Providencia,-95.8243956,29.7857853,"-95.8243956, 29.7857853",19,89,989,"Smith, Will and Carter",recdkSN8Oj50CVgnF,133,,"217,300,638,682",
446,Kanlam,10,2/19/2022,VII,Cochrane,51891 Leroy Court,Providencia,37.3940991,46.9573015,"37.3940991, 46.9573015",30,260,121,Hirthe Group,recl79JuXk762f8oc,"15,436,576,760",,131,
479,Kanlam,3,11/1/2024,III,Providencia,6656 Dunning Way,SanJoaquin,0.3908219,47.8225694,"0.3908219, 47.8225694",97,57,341,DuBuque and Sons,recF8T3rpkTJ5vqnY,"416,698,761,804",89,"186,468",
246,Kanlam,7,12/16/2023,VII,Cochrane,432 Mifflin Hill,Providencia,34.2866091,1.1607823,"34.2866091, 1.1607823",22,71,477,Deckow and Sons,recHGqI18IX0aKVvK,"575,843",,"50,167,732",
381,Solarbreeze,6,12/30/2024,II,San Bernardo,4831 Delaware Lane,Paine,104.2991973,21.0471807,"104.2991973, 21.0471807",21,315,418,"Miller, Padberg and Shields",recujdKxXsciIgWRP,"609,618",,"532,645,742",
193,Solarbreeze,6,6/11/2024,XV,Chillán Viejo,33 Montana Circle,Macul,32.0837445,2.9667878,"32.0837445, 2.9667878",30,29,108,Swift Group,recg42ZGEM15U11fS,365,,"152,801",
51,Solarbreeze,1,2/17/2024,II,Los Andes,92280 Summit Road,LoBarnechea,2.4381665,48.6277459,"2.4381665, 48.6277459",65,67,47,Huel LLC,recjISaGonpCxAxtL,"934,946","9,39",637,
462,Solarbreeze,3,8/15/2023,RM,Santa Cruz,06 Oneill Point,SanJoaquin,-78.3095598,-8.0023449,"-78.3095598, -8.0023449",22,312,557,Stoltenberg Inc,recHVAlpzx3HffLyD,"407,935",,"347,683",
363,Solarbreeze,10,10/1/2022,III,Chillán,7 Aberg Way,Paine,100.7724281,48.7277622,"100.7724281, 48.7277622",59,323,909,Deckow LLC,recNUW7hCMFnTfhsU,,99,"439,440,688,751",
296,Solarbreeze,9,9/6/2024,II,Padre las Casas,003 Kings Junction,Providencia,20.4744696,45.4352011,"20.4744696, 45.4352011",43,203,737,"Fritsch, Jakubowski and Waelchi",recQCBEpTqdsFaEIS,142,,380,
100,Cardguard,3,12/11/2023,XIV,Collipulli,5 Becker Junction,LoBarnechea,108.8318940,34.5322950,"108.831894, 34.532295",96,89,839,Deckow and Sons,recpfDJ4GpGJnHvVp,"153,158,355,498",,"118,216,430,947",
350,Cardguard,3,2/12/2023,III,Camiña,3 Dunning Parkway,Providencia,14.8046066,40.7074498,"14.8046066, 40.7074498",100,22,608,Braun Inc,recvxeiYZdXGWzSvt,,,"101,396,665,690",
55,Cardguard,10,1/12/2024,V,Ollagüe,6 Jenna Place,LasCondes,-121.8374777,39.7284944,"-121.8374777, 39.7284944",14,79,353,"Wisozk, Mraz and Waters",recxiQH7TmDiTCzTb,720,,"12,711,887",
493,Cardguard,2,11/9/2023,XV,Chillán Viejo,71552 Arizona Pass,Macul,35.2150920,31.9634630,"35.215092, 31.963463",20,222,783,Kuvalis-Dicki,rec77m9n94NJl8ei8,"144,299,579,658,945",,802,
340,Cardguard,4,2/6/2024,IX,Rinconada,80 Kensington Alley,SanJoaquin,21.4126837,12.2257590,"21.4126837, 12.225759",95,84,432,Weissnat Inc,recaCCY410vESvh22,21,,"259,436",
53,Cardguard,3,5/29/2022,IV,Punitaqui,0927 Heath Way,SanJoaquin,17.2107059,49.6400856,"17.2107059, 49.6400856",100,195,361,"Donnelly, Bosco and Zulauf",recbVhcNvu7ggQQmm,"648,981",,"55,273,283,861",
483,Cardguard,3,1/23/2023,XIV,San Ramón,202 Clyde Gallagher Pass,LoBarnechea,2.4725036,48.8066526,"2.4725036, 48.8066526",41,68,488,"Cronin, Jerde and Swift",recdF4KfRCdeM5Iee,"403,476,876",,"102,315",
476,Cardguard,7,2/23/2024,RM,Cisnes,2261 David Pass,SanJoaquin,19.0428325,50.4614333,"19.0428325, 50.4614333",15,81,480,"Friesen, Hodkiewicz and O'Keefe",recBCAUTTAt2rbBR5,"101,837",87,34,
56,Prodder,3,1/1/2023,XIV,Carahue,83 8th Parkway,LoBarnechea,21.8866683,4.6147368,"21.8866683, 4.6147368",4,82,473,Yost-Collier,recc3MClsoPPo9Pgk,,,,
182,Asoka,8,5/11/2023,X,Calle Larga,6 Boyd Circle,Paine,-87.5710898,37.9715592,"-87.5710898, 37.9715592",4,74,94,"Yost, Bahringer and Hilll",recxUBGGwRDHDI3dW,690,,"148,503,632",
61,Asoka,10,8/23/2023,XII,Punta Arenas,91440 Jackson Court,LoBarnechea,35.2877400,32.1426000,"35.28774, 32.1426",94,185,698,"Lesch, Bayer and Cummerata",recZZJuG16bX13ap9,"487,622,990",,498,
124,Asoka,7,10/31/2024,VII,Quemchi,5 Lawn Hill,Providencia,25.6500000,43.1500000,"25.65, 43.15",16,225,429,Huels-King,rec1FHZ8hU5xnRvBi,"247,275,884",,"511,850",
58,Asoka,1,1/30/2022,VII,Sierra Gorda,4493 Lien Hill,Providencia,117.4166940,39.5454880,"117.416694, 39.545488",24,61,317,"Barrows, Gaylord and O'Reilly",rec4gUKmxXY0z69Fd,"128,204,840",,326,
132,Asoka,8,11/29/2021,V,Huara,640 Debs Point,LoBarnechea,22.3000000,39.8333300,"22.3, 39.83333",88,263,405,"Fisher, Labadie and Schneider",rec5Y45BfQPSro89Y,246,,368,
361,Asoka,6,4/6/2022,XII,Punta Arenas,463 Jackson Hill,LoBarnechea,-64.8659804,46.6817873,"-64.8659804, 46.6817873",99,348,394,Wisozk Group,rec7nBazsVlb1JRuA,900,,"145,510",
388,Asoka,8,7/21/2022,RM,Tocopilla,64484 Gina Plaza,LasCondes,20.3244146,60.2267401,"20.3244146, 60.2267401",50,221,168,Bayer LLC,rec92UPr2Gk3E1jcq,346,43,465,
291,Asoka,3,9/18/2024,VI,Valdivia,265 Meadow Ridge Crossing,LoBarnechea,-93.6100000,41.6000000,"-93.61, 41.6",73,26,892,Hauck Group,recdDmWGcP3hYfAMS,560,,"156,708,870",
455,Asoka,10,8/29/2024,V,Ollagüe,010 Schmedeman Place,LasCondes,23.4910916,37.9512175,"23.4910916, 37.9512175",27,285,946,"Bailey, Hand and Upton",recEY9r5kQLNnBUut,"45,438,504,638,860",,"323,466,662",
445,Asoka,4,8/2/2022,VI,General Lagos,1593 Declaration Circle,SanJoaquin,69.8597406,39.9721425,"69.8597406, 39.9721425",60,97,148,Torp Inc,recGlew5wKxLQa4cN,,,"16,320,877",
331,Asoka,9,10/8/2022,VII,Alto Hospicio,91 Northport Lane,Macul,-71.3883439,-13.6270626,"-71.3883439, -13.6270626",92,75,297,"Dach, Bauch and Thiel",recSCGVrNC7wyTKo2,"127,954",14,655,
451,Fintone,10,4/12/2023,II,Los Andes,28110 Warrior Way,LoBarnechea,20.3286222,52.3399870,"20.3286222, 52.339987",3,42,751,Huels-Huels,rectBPzKR6kIQp9kw,"199,201,354,492,523,680,729",,"454,633",
478,Fintone,8,5/22/2024,VII,Pumanque,0213 Bartillon Road,Paine,-77.2864879,3.2572094,"-77.2864879, 3.2572094",35,284,968,"Auer, Koelpin and Murazik",recvF2j0CdPNPsMVj,"59,208",30,,
458,Fintone,5,12/13/2023,VII,Sierra Gorda,04243 Fulton Way,Providencia,120.4471600,36.3894010,"120.44716, 36.389401",32,36,779,"Bergstrom, Hessel and Bartoletti",rec99tXrOuEimPcvl,"63,159,426,929",,,
111,Fintone,5,4/30/2023,XIV,General Lagos,75 Dapin Plaza,LasCondes,-0.3371889,40.7559095,"-0.3371889, 40.7559095",76,326,732,"Fisher, Pollich and Heidenreich",recdQ9gTm490Eba43,"50,141,262,454",,,
235,Fintone,10,3/6/2023,VI,Ancud,6445 Sherman Park,Providencia,118.7586800,30.9401950,"118.75868, 30.940195",53,372,727,Lockman LLC,recAUQ9GdCJ45GATB,"49,683",,"348,469",
59,Fintone,3,2/14/2023,X,Tierra Amarilla,1 Fuller Street,Providencia,2.8002946,47.3591366,"2.8002946, 47.3591366",5,284,639,"Luettgen, Jones and Olson",recGE0QHOYveEglv6,"30,318,809,816,956",,"257,335,422,653",
88,Fintone,6,5/19/2023,RM,Tocopilla,47528 Parkside Parkway,LasCondes,12.5097274,41.8977003,"12.5097274, 41.8977003",38,243,478,Wuckert-Ryan,recHVVeVsnpjTxUeI,261,97,"38,482,851",
281,Fintone,5,12/7/2024,II,San Bernardo,394 Welch Drive,Paine,120.8681069,17.0852216,"120.8681069, 17.0852216",57,381,177,"Russel, Auer and Rowe",recTFuAbfX1SziBAb,"483,484,583,807,991",,"491,594",
473,Toughjoyfax,10,7/20/2022,IX,Chimbarongo,6544 Ludington Center,Paine,121.0581070,13.7569860,"121.058107, 13.756986",53,158,183,"Smith, Kshlerin and Towne",recvOFebKSYafhWor,129,,"369,544",
227,Toughjoyfax,5,3/27/2024,VII,Los Muermos,24 Superior Hill,Providencia,75.8098141,41.1694718,"75.8098141, 41.1694718",67,74,265,Wilkinson-Mitchell,recvQTQvbfDIuG6AR,"39,304",,539,
112,Toughjoyfax,7,7/28/2023,XIV,Los Muermos,95598 Blaine Center,Providencia,-9.3242373,39.2586992,"-9.3242373, 39.2586992",99,99,593,Lubowitz LLC,recGHWUU7aDIfhwJM,"395,846",,737,
64,Toughjoyfax,8,1/3/2023,V,Futaleufú,6 Sloan Trail,Providencia,-100.9383192,25.5562935,"-100.9383192, 25.5562935",45,145,229,"O'Keefe, Schulist and Ritchie",recON8WwkrhnRlplo,"827,892",,766,
137,Toughjoyfax,3,9/22/2023,III,Algarrobo,2436 Evergreen Pass,Macul,140.3748668,38.3559764,"140.3748668, 38.3559764",87,163,896,Klein-Kuphal,recWLdOfZTX0NP7uu,553,,384,
160,Konklab,5,12/29/2024,XII,Máfil,342 Thackeray Trail,LoBarnechea,22.1890872,39.8949802,"22.1890872, 39.8949802",99,238,978,"Carroll, Pfannerstill and Hettinger",recqquGFzU8q9hlhH,431,,,
498,Konklab,2,2/3/2022,V,San Esteban,25847 Chive Street,Providencia,94.9284840,36.4064040,"94.928484, 36.406404",5,266,997,Pollich-Muller,recwxPVfSpNh8T9GO,290,,151,
392,Konklab,4,3/24/2024,VII,Natales,92691 Del Sol Avenue,Macul,104.6448531,15.7015084,"104.6448531, 15.7015084",8,182,276,Kerluke Group,recyYFW2ye58UlOMI,"507,527,867",,860,
315,Konklab,6,4/13/2024,RM,Pozo Almonte,566 Arapahoe Drive,Macul,121.0133007,14.5346437,"121.0133007, 14.5346437",62,160,265,Kessler Group,reca6yd8xLOM96KF6,,,"343,783",
468,Konklab,2,10/29/2023,X,Arica,96085 Roxbury Center,Providencia,-8.5660453,41.3432066,"-8.5660453, 41.3432066",25,133,676,McDermott and Sons,recDOzxfKl6OT5sLH,"97,382,687",52,487,
419,Konklab,7,1/19/2024,I,General Lagos,4 North Pass,SanJoaquin,29.3714909,-3.1572403,"29.3714909, -3.1572403",17,11,945,Daniel Inc,recDbmcoqzFgRjh2h,"296,870",,6,
65,Konklab,4,11/1/2023,XII,Victoria,49934 Farwell Court,SanJoaquin,-69.9624781,12.5179287,"-69.9624781, 12.5179287",96,92,322,Langworth-Reynolds,recLgxRTVIoszSrfo,,,"383,659,849,899,971",
463,Konklab,2,9/3/2024,III,Chillán,92450 Oakridge Alley,Paine,-72.9061903,-15.1838408,"-72.9061903, -15.1838408",70,171,576,Halvorson-Dickinson,recXp8voamGdyl1UF,115,,,
67,Redhold,2,12/16/2024,IX,Linares,86 Waywood Trail,Macul,78.9472223,52.5666667,"78.9472223, 52.5666667",17,275,21,"Krajcik, Lindgren and Paucek",rec1TjShGFunI7GTs,"256,496,505,696,750",,,
375,Sub-Ex,7,11/30/2023,V,Alto Biobío,3 Eagan Hill,SanJoaquin,18.7359730,49.6106567,"18.735973, 49.6106567",51,353,336,"Rosenbaum, Sanford and Ledner",recyitdNDDYskPEmQ,"508,866",,"813,834,854",
305,Sub-Ex,4,12/20/2023,IV,Antofagasta,543 Golf Course Hill,SanJoaquin,16.7236298,43.6190257,"16.7236298, 43.6190257",48,325,670,Koepp-Quitzon,rec11lKqCw23iRKvf,"334,543,700",,"415,793",
242,Sub-Ex,3,4/17/2023,XII,Monte Patria,37 Hudson Road,SanJoaquin,34.9798944,54.4911487,"34.9798944, 54.4911487",24,339,45,O'Kon-Collier,recc7HFlbWQxANHOA,"177,467,549,734",,734,
68,Sub-Ex,4,9/7/2023,X,Arica,75 Waubesa Crossing,Providencia,119.0109502,-8.5294459,"119.0109502, -8.5294459",64,279,665,Little Group,recBLuXKovywnlDLq,"242,773",,"182,387",
307,Sub-Ex,5,11/11/2023,VII,Putre,52998 Utah Park,LasCondes,27.4345664,62.3786184,"27.4345664, 62.3786184",16,19,819,Vandervort-Ledner,recIMe8Xs8XOvpwGU,"221,363",83,"5,178,572,601",
251,Sub-Ex,4,10/8/2023,II,Los Andes,771 Continental Trail,LoBarnechea,29.9345185,60.1516625,"29.9345185, 60.1516625",86,26,954,Ortiz Inc,recQQyrM4QraJ2wzj,"368,701",,836,
324,Y-find,3,11/21/2023,VII,Quemchi,97160 North Point,Providencia,28.0645967,-26.1011687,"28.0645967, -26.1011687",54,114,839,Glover Group,recvwL7hZ2GrIbV1B,,,"559,945",
261,Y-find,9,5/18/2024,XII,Punta Arenas,8 Goodland Terrace,LoBarnechea,6.7815237,4.6845489,"6.7815237, 4.6845489",41,301,367,Green Inc,recwFHjfiLf29rfRo,"180,186",,"328,391",
69,Y-find,10,11/27/2021,XV,Ollagüe,5 8th Pass,Macul,5.8547896,49.7640069,"5.8547896, 49.7640069",33,249,183,Buckridge-Johnston,recxQskNDN5KBEz1w,265,,"587,600,972",
409,Y-find,1,5/6/2022,VI,Río Ibáñez,03042 Fremont Center,LoBarnechea,48.6849571,54.7624683,"48.6849571, 54.7624683",83,348,911,Dicki Inc,rec6WLHrC1fZDhh6A,"259,813","55,62",322,
176,Y-find,7,10/24/2023,RM,Cisnes,24706 Mcbride Street,SanJoaquin,4.6573346,52.5124538,"4.6573346, 52.5124538",14,360,600,Kuvalis LLC,recjnNCQPaHrqsEgf,"1,243,759,789",19,,
217,Y-find,9,4/19/2023,VI,Punitaqui,8043 Marcy Hill,LoBarnechea,33.0166700,68.8833300,"33.01667, 68.88333",30,53,378,Bergnaum Inc,recndTXmgCOL7cIUv,"406,857",,"878,890",
472,Y-find,4,10/19/2024,VI,Chimbarongo,85 Green Circle,LoBarnechea,121.0318426,14.5669327,"121.0318426, 14.5669327",99,319,901,Smith-Bauch,recLxggUIjrA96x8C,"614,828",,"59,86,144",
70,Daltfresh,7,2/7/2023,V,Lolol,45 Anthes Park,Macul,114.8721990,30.4536670,"114.872199, 30.453667",4,331,294,"Weimann, Dickens and Gusikowski",recyAzR1JP8Actixy,"203,280,631,713",,299,
243,Daltfresh,5,3/8/2022,XV,Camarones,3271 Bellgrove Plaza,SanJoaquin,-73.4415929,7.0706548,"-73.4415929, 7.0706548",59,62,815,Dare LLC,recyIGiKEbooz1FrZ,,,"153,350",
450,Daltfresh,10,5/5/2022,III,Camiña,022 Hansons Terrace,Providencia,20.0971774,44.8766183,"20.0971774, 44.8766183",66,315,463,Steuber-Dietrich,rec0vgkvd93tpg63e,659,,"121,142,274,576,906",
348,Daltfresh,1,9/24/2022,X,Lanco,29064 Redwing Street,Macul,18.9285154,50.3142814,"18.9285154, 50.3142814",95,160,285,Kris-Vandervort,rec3Gm4UGe7hIv4rr,998,86,"197,923",
129,Daltfresh,2,9/11/2022,RM,San Ramón,9060 Banding Hill,Macul,24.7548524,60.7373073,"24.7548524, 60.7373073",46,324,635,"Gaylord, Heathcote and Mohr",recHxMH8vAuC7GvcG,"151,288,832",,"504,988,990",
410,Daltfresh,4,5/6/2023,XIV,Ovalle,97 Clyde Gallagher Hill,Providencia,110.6786933,-6.5827110,"110.6786933, -6.582711",6,118,519,McKenzie Group,recI0hgDcLAZ3fX0R,"78,132",,545,
377,Daltfresh,9,10/1/2022,XV,Cochrane,19981 Briar Crest Plaza,LoBarnechea,44.0309924,43.2934614,"44.0309924, 43.2934614",88,138,515,Thompson-Schmitt,recLdG5sC113sIpvw,"657,800,826,971",,"226,485,730",
174,Daltfresh,1,7/6/2022,XIV,Hualqui,421 Algoma Point,Providencia,-76.9513900,-11.1891700,"-76.95139, -11.18917",4,258,733,Conroy and Sons,recPwob7qqbuvnv5g,"390,401,727,836",88,"684,740",
107,Daltfresh,9,3/28/2023,VII,Putre,2579 Heath Point,LasCondes,-46.3433897,-23.4135017,"-46.3433897, -23.4135017",19,267,981,Schowalter-Nienow,recSRXeWDVvStBEM0,"209,489,510,786",,,
183,Tampflex,3,10/12/2021,XIV,San Ramón,1641 Basil Road,LoBarnechea,106.1713267,-6.2624908,"106.1713267, -6.2624908",35,159,81,"Johnson, Runolfsson and West",recyxc8zRiorcACgx,"192,531,617,835",,623,
443,Tampflex,2,10/14/2021,XV,Camarones,03764 Sugar Crossing,SanJoaquin,116.5257250,27.2184440,"116.525725, 27.218444",67,81,122,Weber Inc,recdT3mSJ8qPCErLR,"152,370",,115,
78,Tampflex,4,5/24/2024,VII,Pumanque,924 Porter Road,Paine,116.4246190,40.1179380,"116.424619, 40.117938",8,292,571,Emmerich Inc,reciIQrNk9EHLHz39,"135,301,461,695,751,908,912,948",,"554,769",
327,Tampflex,2,2/22/2024,VII,Los Muermos,2529 Comanche Plaza,Providencia,-7.3871483,41.5496650,"-7.3871483, 41.549665",93,88,327,"Herman, Jones and Hane",reckcUV1TuokYHGP7,"33,342,847",,"508,550,784",
72,Tampflex,1,5/12/2023,VI,Chimbarongo,01 Dwight Drive,LoBarnechea,-75.8312432,-12.8992320,"-75.8312432, -12.899232",98,221,681,"Turcotte, Yost and Cummings",recCxs3qqPhCLLM28,"272,933",65,"1,75,507",
456,Tampflex,6,2/22/2022,XIV,Carahue,71111 Grasskamp Park,LoBarnechea,-71.9927391,-13.5066591,"-71.9927391, -13.5066591",69,5,945,Schoen-Kuhlman,recEMVmSM9lejzKOn,780,,699,
467,Duobam,3,6/20/2023,IX,Linares,92 Reindahl Circle,Macul,-77.0499700,38.8943618,"-77.04997, 38.8943618",6,128,802,"West, Gutmann and West",recupqhhUguiT7cCM,,23,"500,654,735",
76,Duobam,3,9/3/2022,RM,Cisnes,956 Fairview Pass,SanJoaquin,4.8925949,52.3716937,"4.8925949, 52.3716937",8,41,204,Jakubowski-Strosin,recbf8I5Ov3jlXEmt,721,,"64,188",
457,Duobam,10,2/9/2023,IV,Freirina,5346 Merrick Drive,Providencia,19.9416859,51.8978017,"19.9416859, 51.8978017",18,142,343,Jones Inc,recJa44ACtc788nJa,"511,708",,798,
234,Duobam,6,6/7/2022,VII,Calama,9 Buell Court,LoBarnechea,111.4909640,33.1378200,"111.490964, 33.13782",17,185,115,"Durgan, Monahan and Huel",recMC3HBzeFXglXhi,656,,926,
314,Duobam,2,3/23/2024,XIV,Ránquil,92 Schmedeman Crossing,LoBarnechea,18.2312320,52.7930430,"18.231232, 52.793043",49,57,600,Swaniawski-Hammes,recSjc8gSyTh7GeqX,"168,202",,,
87,Tres-Zap,4,3/17/2022,RM,Peñaflor,7 La Follette Center,Providencia,27.5846719,64.0662338,"27.5846719, 64.0662338",61,251,132,Jones LLC,rec0vnriUjqSJNWiI,297,51,"392,566",
310,Tres-Zap,9,9/10/2022,XIV,Ovalle,7201 Lotheville Hill,Providencia,40.1418221,49.3756258,"40.1418221, 49.3756258",78,323,"566,88",Schmitt-Grady,rec0HENDqXlu2cQAq,"251,474",,"397,517",1004
232,Tres-Zap,4,6/4/2022,V,Huara,981 Rigney Center,LoBarnechea,104.0716533,49.0540820,"104.0716533, 49.054082",59,350,993,O'Kon-Toy,recCqcF7T6MsJyGsp,"347,404,744,754",,"165,338,859",
82,Tres-Zap,8,11/21/2021,X,Calle Larga,503 Barby Road,Paine,33.7000000,-1.6833300,"33.7, -1.68333",10,397,916,"Williamson, Ratke and Rice",recQp5dRGL1KYCSEj,601,44,204,
325,Tres-Zap,10,4/29/2022,II,Coquimbo,69280 Vahlen Point,LoBarnechea,104.1005020,-1.2595530,"104.100502, -1.259553",42,55,910,"Daniel, Keeling and Langosh",recTPddp4oTQWje8l,"27,183,676,749,821",,136,
264,Rank,10,10/11/2023,V,Futaleufú,24 Miller Trail,Providencia,104.1005020,-1.2595530,"104.100502, -1.259553",31,4,850,Powlowski-Macejkovic,rec0JsMuPJ5dSh84C,122,,"409,706",
84,Rank,9,7/20/2024,III,Rinconada,43 Katie Hill,LasCondes,10.8972927,59.9416014,"10.8972927, 59.9416014",32,234,441,Feil-Moore,recboB4WsY6JBtovV,,,"85,949",
415,Rank,5,2/14/2024,RM,Pozo Almonte,765 Utah Pass,Macul,-9.1029917,38.4618994,"-9.1029917, 38.4618994",45,355,82,"Rowe, Romaguera and Dare",recNMTlBe4Zi3ZbRq,,59,"194,373,401,424,537,924",
499,Rank,4,1/14/2024,XIV,Chañaral,79271 Summerview Place,LoBarnechea,105.8844726,-6.8388620,"105.8844726, -6.838862",40,366,342,"Greenholt, Langworth and Lindgren",recWuG0fdtod3I7VB,822,26,,
89,Tin,5,6/1/2023,XII,Chiguayante,39 Morningstar Plaza,Paine,36.7361539,-7.3537968,"36.7361539, -7.3537968",13,345,587,Boehm-Streich,recpXJI9FNssUP11j,"139,291",41,"99,463,759,791,871",
159,Tin,3,9/15/2023,X,Tierra Amarilla,15 Shopko Parkway,Providencia,92.8882656,51.5321260,"92.8882656, 51.532126",12,287,195,"McCullough, Daniel and Lind",rec5MysSCMdo123mW,"145,241,521,651,980",,"319,630",
244,Tin,9,11/6/2021,XV,Camarones,18787 Hintze Avenue,Providencia,117.8933350,4.2431130,"117.893335, 4.243113",48,170,577,Boyer-Cummings,rec9i10Q22mAI6B9Y,,,"353,435,529,963",
287,Tin,8,7/22/2022,RM,Peñaflor,00309 Roth Plaza,Providencia,21.0782963,49.7979502,"21.0782963, 49.7979502",100,89,562,Blick and Sons,recireWLtVC9rSMF7,"586,779,849",4,"211,644",
203,Tin,9,1/16/2022,XV,Malloa,3980 Pankratz Pass,SanJoaquin,124.8232420,45.1180300,"124.823242, 45.11803",99,33,410,Zboncak-Rath,recB35M7ia10LALZL,"581,730,921",,"301,376,536",
215,Tin,6,11/13/2023,RM,Pozo Almonte,301 Esker Crossing,Macul,6.3226072,11.3661846,"6.3226072, 11.3661846",8,102,882,Erdman-Luettgen,recWUYwlV3ZOOTS7W,"95,468,792,839,877",,"470,660",
110,Vagram,9,12/23/2022,XIV,Ovalle,05622 Bluestem Crossing,Providencia,-116.8557985,32.5124846,"-116.8557985, 32.5124846",16,275,575,"Denesik, Friesen and Kirlin",recqbt9US2RLkEztt,"113,339",71,137,
90,Vagram,8,3/1/2023,VII,Timaukel,546 Kinsman Place,Paine,96.8418000,3.7232292,"96.8418, 3.7232292",20,356,605,Hilpert Group,recwDaTgnHEb2TjkD,,,"35,774,982",
140,Vagram,3,12/30/2023,IX,Rinconada,7880 Lukken Road,SanJoaquin,112.0038300,39.9419100,"112.00383, 39.94191",1,363,674,Kautzer-Collins,rec0Rr42j90e72K8G,526,,128,
371,Vagram,6,11/3/2022,X,Coquimbo,13055 Mcbride Avenue,LasCondes,26.6910443,54.9377761,"26.6910443, 54.9377761",8,86,392,"Haley, Harris and Hilll",rec5EU8BhaISt16tH,258,,770,
229,Vagram,7,9/11/2024,RM,San Ramón,3 Erie Way,Macul,112.5036493,-6.9250071,"112.5036493, -6.9250071",5,78,284,Fritsch-Erdman,rec7enINBDZr7wapb,"236,449,689",48,"54,177,227,441,979",
267,Vagram,1,10/29/2024,IX,Linares,2943 Melby Alley,Macul,37.9416367,55.6152783,"37.9416367, 55.6152783",37,339,351,Goldner-Leuschke,recaAO5nHwYTBl2b8,"244,913,996",98,"89,291,522,679,726,966",
344,Vagram,1,9/9/2023,XV,Camarones,9 Walton Plaza,Providencia,4.2653854,11.5263357,"4.2653854, 11.5263357",13,377,377,Ziemann-Kessler,recdAFofxu5Nj7hHG,"125,314,325,385,795","1,68","107,297,589",
386,Vagram,4,7/9/2023,XIV,Puerto Octay,142 Moland Lane,Macul,134.8867891,35.0743086,"134.8867891, 35.0743086",5,330,469,"Schroeder, Zulauf and Farrell",reciQssl1UN7jhAqL,"60,439,693",,"512,569",
353,Vagram,10,9/24/2023,IV,Punitaqui,42457 Burrows Hill,SanJoaquin,115.4311530,31.6956480,"115.431153, 31.695648",3,296,870,Watsica-Schultz,recixhAVb6RGWwrKs,"335,465",61,103,
369,Vagram,5,11/15/2022,XV,Ollagüe,3 Red Cloud Crossing,Macul,14.8924044,53.1460852,"14.8924044, 53.1460852",44,317,620,"Cummings, Brakus and Lubowitz",reck53ocZ8mxDlYhu,81,85,"87,530,744",
164,Vagram,10,4/20/2022,V,Futaleufú,018 Fordem Road,Providencia,9.2415192,48.8096645,"9.2415192, 48.8096645",65,47,52,"Kreiger, Breitenberg and Hermann",recRhDXdairZg4kpE,"107,437,596,739",,"288,959",
155,Wrapsafe,9,10/22/2021,V,Ollagüe,079 Riverside Point,LasCondes,123.9026495,8.1142739,"123.9026495, 8.1142739",91,41,680,Lakin-Bernhard,recdygbleEfLzehfT,200,,"52,712",
91,Wrapsafe,1,1/30/2023,VI,Valdivia,28 Vernon Trail,LoBarnechea,30.1775921,59.8294100,"30.1775921, 59.82941",41,299,182,Abernathy and Sons,rechqgBrknEKaRS90,"215,271,536,907",,234,
169,Wrapsafe,9,10/14/2024,XV,Ollagüe,36 Merry Plaza,Macul,121.4791620,29.2002200,"121.479162, 29.20022",22,328,620,Leffler-Jaskolski,recETVMyDc1JhvJcM,928,,"237,251,697,844",
208,Wrapsafe,8,4/1/2024,XIV,Alto Biobío,29 Michigan Avenue,Macul,6.1752377,10.0805006,"6.1752377, 10.0805006",99,213,212,Wintheiser-Batz,recTsqNSvvfzu908T,"73,424,653",,944,
398,Matsoft,7,10/16/2023,V,San Esteban,6 Upham Pass,Providencia,108.9573450,19.2389340,"108.957345, 19.238934",67,51,218,Yundt-Keebler,recvA3FPQ9HWrgW7c,"469,485,516",,129,
469,Matsoft,6,3/29/2022,XV,Ollagüe,721 Heath Park,Macul,116.6286270,23.6743870,"116.628627, 23.674387",65,135,888,Hilpert-Hirthe,rec6ENmVIfcHembbv,"377,442",49,"15,481",
412,Matsoft,10,12/30/2022,XIV,Los Muermos,1 Vernon Circle,Providencia,36.1343900,35.3880800,"36.13439, 35.38808",32,79,135,"Gutkowski, Muller and Doyle",reciNaqBFyUhnGBSl,"131,373,790,844",,"125,184,370",
95,Matsoft,3,4/11/2022,RM,El Carmen,51636 South Way,SanJoaquin,112.1668670,-8.2538887,"112.166867, -8.2538887",73,241,764,Beer LLC,recjHXf4bqLOhiJ4F,"207,592,931",,"444,865,914",
437,Matsoft,6,10/30/2023,III,Algarrobo,83 Northport Center,Macul,118.1777100,26.6417740,"118.17771, 26.641774",22,320,652,Kunde-Mosciski,recBBIHGmhXdxP29f,"47,252",,"402,574",
298,Matsoft,9,4/22/2024,V,San Esteban,2938 Memorial Way,Providencia,75.8098141,41.1694718,"75.8098141, 41.1694718",16,69,989,"Kshlerin, Williamson and Zulauf",recVIEzKxEi3zGcys,"44,620",,,
101,Greenlam,2,11/29/2023,VII,General Lagos,6 Evergreen Point,LoBarnechea,94.0833300,29.2000000,"94.08333, 29.2",6,329,987,Beahan Inc,rec4ZAMXOt9qoObEQ,605,,"179,306,427",
252,Greenlam,4,2/2/2022,V,Quemchi,8 Blackbird Trail,Macul,2.5135985,45.2977605,"2.5135985, 45.2977605",50,57,405,Hansen-Pagac,recCYmWamc60Aj4Ic,"423,518",,,
373,Greenlam,4,1/13/2022,IX,Chimbarongo,7754 4th Circle,Paine,45.3575191,39.8726158,"45.3575191, 39.8726158",74,384,705,"Greenholt, Schroeder and Koelpin",recNPSsptQhFdTWCg,322,,"395,727",
425,Lotstring,4,11/10/2022,II,Coquimbo,13 Stephen Center,LoBarnechea,26.1477598,-28.2750463,"26.1477598, -28.2750463",61,163,672,Ernser-Fadel,recwfvdXSz4tSLf7B,"220,249",,"78,425,616",
320,Lotstring,7,5/1/2022,RM,San Antonio,12 Mendota Road,Paine,24.6382505,60.9182792,"24.6382505, 60.9182792",39,299,984,"Douglas, Bergstrom and Jaskolski",recyTEdMwr7DdS5kC,716,,"56,371,622,853",
430,Lotstring,5,8/4/2023,V,Zapallar,09 Katie Circle,Paine,-80.0175110,32.8676912,"-80.017511, 32.8676912",77,255,628,Rosenbaum-Dickinson,rec7f6hLED73x93q6,"154,717",,"13,282,670,872,984",
105,Lotstring,3,10/17/2023,IV,Antofagasta,14 Old Gate Road,SanJoaquin,-74.3540090,4.8099840,"-74.354009, 4.809984",32,248,983,Turner Inc,rec8oiEgRaOJ8rToq,"213,589,590,599,705,842,965",,"304,821",
497,Lotstring,7,11/16/2024,V,San Rosendo,370 Florence Center,LoBarnechea,120.3954753,16.0847081,"120.3954753, 16.0847081",100,263,402,"Schneider, Nienow and Ruecker",recE47RniRVYEF3Aj,"451,455",,130,
316,Lotstring,10,12/3/2023,II,Freire,1 Waubesa Street,Macul,111.0683954,-6.5489311,"111.0683954, -6.5489311",38,204,57,Anderson-Erdman,recOe3PfolXMMuuez,,,578,
402,Regrant,9,3/26/2023,X,Lampa,99 Red Cloud Way,Macul,46.2781308,41.8186298,"46.2781308, 41.8186298",30,47,100,O'Hara-Osinski,rec1cvaCWg3m70eIo,643,,639,
106,Regrant,3,9/30/2024,X,Lago Ranco,2703 Rutledge Street,LasCondes,113.9931150,22.9748980,"113.993115, 22.974898",70,209,454,Mraz Inc,rec7n4Zes0cUp9YvB,"28,169,173,563,714",,"9,264,797",
370,Regrant,4,4/28/2022,V,Lolol,65 Almo Center,Macul,124.1539783,7.5421232,"124.1539783, 7.5421232",44,173,11,Murphy Inc,recaohWwq3wvjg4ZL,292,,"14,155,172,575",
236,Regrant,10,5/7/2022,XIV,Torres del Paine,94 Basil Park,SanJoaquin,66.5344159,33.4259340,"66.5344159, 33.425934",90,343,884,Waters Group,recVtjnfVCh4lFrri,"46,765",,"39,139",
295,Temp,1,12/5/2024,RM,El Carmen,5764 Old Shore Court,SanJoaquin,44.3709408,32.0472430,"44.3709408, 32.047243",54,22,400,Torp Inc,recrJpGNy2UflPVDm,801,,"515,593",
156,Temp,6,1/22/2022,XIV,Carahue,510 Charing Cross Circle,LoBarnechea,-72.2307798,-39.2820124,"-72.2307798, -39.2820124",25,207,212,Kohler-Harris,recgESqygz4yY5Vez,"43,462",,"105,360,652",
323,Temp,4,8/19/2024,RM,Carahue,37077 Kinsman Trail,Providencia,10.7840665,59.9581564,"10.7840665, 59.9581564",13,89,672,Ryan and Sons,recPbL3uYbCdQh5Fo,"35,503,797",,"478,664",
470,Temp,8,8/18/2024,V,Lolol,8706 Harper Trail,Macul,-8.7162646,41.3715365,"-8.7162646, 41.3715365",18,322,721,"Schroeder, Jones and Bahringer",recPCL9uT68F5xpvC,,,"48,174,244,725,820",
113,Temp,5,10/28/2024,RM,Coihaique,89267 Anzinger Way,Macul,-69.2877535,-9.6096717,"-69.2877535, -9.6096717",42,12,968,Halvorson Inc,recXmBrA2E1MzCLmu,"317,922",,65,
292,Tresom,10,6/4/2022,VII,Natales,55 East Circle,Macul,124.3516731,11.3331243,"124.3516731, 11.3331243",68,65,340,Lockman-Dickinson,recueD0HvSDwS7LuY,136,,"96,140,709",
461,Tresom,8,10/13/2024,XII,Punta Arenas,542 Union Place,LoBarnechea,-76.6000300,5.4000400,"-76.60003, 5.40004",84,349,551,"Strosin, Roberts and Huels",recyevkCZLaKcbSx6,459,,"624,675",
118,Tresom,5,6/11/2023,III,Valdivia,1 Derek Junction,Macul,71.6131931,36.7243344,"71.6131931, 36.7243344",25,159,993,"Anderson, Runolfsson and Cummerata",recyRM2DweOARq2So,"54,316,546",,,
189,Tresom,1,4/1/2023,XII,Chiguayante,94079 Mariners Cove Drive,Paine,37.9145292,55.5990640,"37.9145292, 55.599064",63,115,773,"Bradtke, Wolff and Kub",rec69suv46rZrOyxm,"435,610,664",,104,
345,Tresom,3,3/3/2023,VI,General Lagos,4930 Bultman Crossing,SanJoaquin,35.3962310,32.6940810,"35.396231, 32.694081",4,178,726,Sanford-Bogan,recduWb1q0p2ToDVj,463,79,"26,261,505,788,805",
374,Tresom,8,10/6/2023,XIV,Hualqui,644 Messerschmidt Alley,Providencia,19.5121851,44.7744280,"19.5121851, 44.774428",76,153,114,Rolfson-Ferry,recmABqz2dtd1PyMO,,,"228,287,457,913",
213,Tresom,8,10/6/2022,RM,Coihaique,63718 Sunbrook Road,Macul,113.4855980,22.5682990,"113.485598, 22.568299",91,209,916,"McDermott, Larkin and White",recnkNadGkEoiYN5p,286,,"231,812",
128,Cardify,6,1/24/2023,V,Mariquina,50426 Merrick Trail,Providencia,-50.7031569,-22.2454935,"-50.7031569, -22.2454935",93,211,205,Feil and Sons,recsYyn8zQU5BM0LC,655,,"518,939",
484,Cardify,8,8/17/2023,III,Rinconada,935 Arrowood Way,LasCondes,112.7986343,-7.3949134,"112.7986343, -7.3949134",7,381,873,Ward LLC,recv1NGt2h5AJvzMb,"228,477,528",,,
411,Cardify,8,1/26/2023,XIV,General Lagos,92326 Anzinger Terrace,LasCondes,123.6441498,11.1449890,"123.6441498, 11.144989",81,103,731,"Moore, Vandervort and Mueller",recw2l75kJob4H0Ye,"163,176,529,692,879",,"398,995",
448,Cardify,5,4/12/2023,X,Lanco,2967 Mallard Terrace,Macul,30.7349950,28.4233602,"30.734995, 28.4233602",68,152,359,Hettinger-Stanton,rec2ZvCzyYqDmrXQq,"650,742",17,819,
258,Cardify,1,7/5/2024,VII,Sierra Gorda,7847 Nova Crossing,Providencia,-58.5717015,-34.5484605,"-58.5717015, -34.5484605",67,281,908,Willms-Williamson,reciuw2HgkZu0qfmf,"26,32,182,331,479,684,769",,,
272,Cardify,3,4/4/2023,VI,Chimbarongo,04 Monterey Hill,LoBarnechea,36.5260122,56.5236763,"36.5260122, 56.5236763",13,9,25,"Kozey, Mueller and Donnelly",recF2uq5WZWmoSELv,923,,"542,832",
397,Cardify,4,12/14/2022,V,San Rosendo,4827 Hollow Ridge Crossing,LoBarnechea,44.0188716,40.6593290,"44.0188716, 40.659329",88,186,303,Romaguera LLC,recLO8TmSXNgOMOYB,"383,740",57,858,
228,Cardify,8,12/24/2021,V,Mariquina,3 Canary Avenue,Providencia,112.5408991,-6.9569954,"112.5408991, -6.9569954",75,234,696,Torphy-Beer,recL5c4dODoNilgtK,"360,675,817,894",,"321,896,978",
441,Cardify,10,12/26/2024,X,Coltauco,3390 Bluestem Center,Providencia,118.0357162,5.8833366,"118.0357162, 5.8833366",25,211,839,"Daugherty, Kutch and Stehr",recSGf5t7ixUhLaXf,398,,"119,181,471",
131,Quo Lux,5,1/29/2024,VII,Alto Hospicio,054 Waxwing Street,Macul,-49.1743626,-26.7376205,"-49.1743626, -26.7376205",80,258,806,Block Group,rec5y5yakJrK80oL5,"333,718",,"305,741,898",
342,Quo Lux,6,9/2/2022,XII,Monte Patria,4738 Pawling Junction,SanJoaquin,122.2398850,47.5347310,"122.239885, 47.534731",83,295,198,Olson Inc,recbrwR45uyFMWZsq,,96,"67,524,558,562,733",
351,Quo Lux,3,8/25/2023,II,Los Andes,7 3rd Park,LoBarnechea,-81.6631259,30.3276652,"-81.6631259, 30.3276652",61,127,553,Miller Group,recmrg9qz1s87qZPe,"164,679",,"429,673,880",
429,Quo Lux,10,6/11/2023,RM,San Ramón,7 Macpherson Alley,Macul,116.1979749,-8.6276559,"116.1979749, -8.6276559",73,158,673,"Schinner, Satterfield and Hilll",reconjJdNS2QXYISs,"419,552",,309,
209,Quo Lux,5,10/24/2023,VI,Río Ibáñez,7 Buena Vista Junction,LoBarnechea,69.2398607,54.8625893,"69.2398607, 54.8625893",35,186,557,Kub and Sons,recOweAD3JzYaSnta,,,"60,327,689,775",
206,Ronstring,9,11/28/2022,X,Lago Ranco,58213 Parkside Drive,LasCondes,26.5785197,39.0799649,"26.5785197, 39.0799649",17,264,517,Kohler-Prosacco,rec5NOr9iVi7jS25b,970,11,678,
276,Ronstring,1,12/5/2024,RM,Cisnes,19 Burning Wood Alley,SanJoaquin,122.8349537,7.7381338,"122.8349537, 7.7381338",18,229,810,McLaughlin LLC,recjg8a7tA57PdJ2L,763,81,"18,342",
166,Ronstring,9,10/22/2022,XII,San Antonio,03 American Ash Parkway,LoBarnechea,116.3575810,25.8335310,"116.357581, 25.833531",84,58,73,"Donnelly, Wunsch and Hilpert",recnhdPbofb6YlNrY,823,,295,
286,Ronstring,5,9/8/2023,XIV,Puerto Octay,2 Clyde Gallagher Parkway,Macul,36.6012942,35.3740182,"36.6012942, 35.3740182",5,311,20,"Feeney, Reichert and Padberg",recFKJrv89vdvPGRW,"18,263,338,558,859,987","54,63,94",980,
134,Ronstring,10,7/17/2022,VII,Calama,34644 Loomis Drive,LoBarnechea,97.8632140,36.0894880,"97.863214, 36.089488",11,196,208,Lang Group,recGniHGvcfwqFgsj,"93,619,654,745,974",,"502,714,739,889",
150,Ronstring,3,1/26/2024,III,Camiña,03 Clarendon Crossing,Providencia,-50.7031569,-22.2454935,"-50.7031569, -22.2454935",45,389,723,"Bradtke, Sanford and Thiel",recIIAJXyeGdgHnLu,573,,"185,450",
226,Ronstring,8,11/4/2021,I,El Carmen,0837 Division Drive,Providencia,4.1481143,51.8281611,"4.1481143, 51.8281611",65,60,911,"Robel, Ortiz and Rath",recJ8m1q0KG2gI62w,,22,"541,808",
135,Pannier,3,11/19/2024,VI,Ancud,289 Dunning Circle,Providencia,-79.9780178,22.1466556,"-79.9780178, 22.1466556",72,182,313,"Witting, Little and Stokes",recHtVpIwg4eAmbeR,393,,"82,611,917",
207,Pannier,2,3/18/2022,VII,Putre,6 Dayton Parkway,LasCondes,-86.1700894,39.7794767,"-86.1700894, 39.7794767",10,357,307,Greenfelder LLC,recOjSIs6twY7mmHn,"232,882",,462,
284,Pannier,6,1/11/2023,III,Rinconada,2 Kennedy Plaza,LasCondes,-73.8589390,45.4484090,"-73.858939, 45.448409",33,265,176,Rippin Inc,recPUXN8LUV74VMAY,420,,"488,881,883",
376,Pannier,10,2/9/2024,RM,Cisnes,295 Maywood Point,SanJoaquin,112.2796060,30.5482680,"112.279606, 30.548268",40,171,718,Kerluke LLC,recWbA5KrDnJfDkP2,"65,341",,"30,91,252",
142,Fixflex,3,10/26/2024,XII,Monte Patria,17 Spaight Point,SanJoaquin,36.0117322,34.2506515,"36.0117322, 34.2506515",52,247,213,"Ferry, Botsford and Kassulke",reccLjPjwG16dTpXp,"149,588,625,753",,"762,991",
500,Fixflex,7,11/23/2021,XIV,Collipulli,4 Garrison Avenue,LoBarnechea,118.7565890,30.9462490,"118.756589, 30.946249",56,10,15,Macejkovic-Abshire,recjwtZfdoseLD27p,"312,357,378,838",,717,
237,Fixflex,4,2/18/2023,III,Algarrobo,03501 Hauk Road,Macul,5.2731644,60.3573369,"5.2731644, 60.3573369",25,303,512,Parker Inc,recGQ0H0OBUWhfAz4,"309,345",,548,
349,Fixflex,9,1/4/2022,IX,Tocopilla,0 Brown Lane,LoBarnechea,4.8398662,45.0524840,"4.8398662, 45.052484",50,133,282,"Nitzsche, Weber and Mayer",recQzYbVuQK8zK3xs,"94,794",,"207,768",
312,Gembucket,6,9/15/2022,XIV,Los Muermos,7 Westridge Circle,Providencia,37.6903660,55.8740560,"37.690366, 55.874056",66,360,527,Howell Inc,rec7gBiofWpv8jK5p,"2,444",,374,
427,Gembucket,10,4/2/2023,VII,Los Muermos,87022 Basil Drive,Providencia,-71.4631100,-14.3414700,"-71.46311, -14.34147",26,163,785,Langworth LLC,rec8tA9Ov1evhpZs8,"167,295,350,534,938",,"124,337,627",
280,Gembucket,4,9/7/2022,IV,Futaleufú,9511 Troy Plaza,SanJoaquin,107.4979110,31.2169358,"107.497911, 31.2169358",37,196,468,"MacGyver, Gleason and Harvey",recd0UgPBeqDP4f62,"391,471,961","6,32","73,448,772",
239,Gembucket,8,11/16/2022,XIV,Río Ibáñez,1 Kinsman Road,SanJoaquin,118.0179380,36.8066690,"118.017938, 36.806669",38,29,816,"Towne, Fay and Medhurst",reclVJtAkHpke3oDE,899,,,
297,Gembucket,3,10/14/2024,V,San Rosendo,238 Loeprich Way,LoBarnechea,108.5017948,-6.8806715,"108.5017948, -6.8806715",17,173,531,"Jast, Fisher and Schaefer",recnfirGffmgJWNL0,"260,606,868,926",,"248,910",
154,Gembucket,2,3/18/2022,VI,Lanco,38 Maryland Place,Macul,35.1136200,31.4973700,"35.11362, 31.49737",82,276,156,Rath-Huel,recPMkAt1rkVY1upY,"616,818",,,
185,Alphazap,2,1/8/2022,II,Chañaral,569 Armistice Parkway,LoBarnechea,120.6299566,15.1585322,"120.6299566, 15.1585322",14,274,872,"Johns, Wolf and Hills",rectUID2IsCvV9u3S,"90,783",,200,
158,Alphazap,9,7/28/2024,VII,Sierra Gorda,00475 Spenser Way,Providencia,112.7196817,-7.2719005,"112.7196817, -7.2719005",48,351,754,"Rutherford, Haley and Klein",recvfSNz00kb7geuc,758,,"108,279,649",
492,Alphazap,3,9/30/2021,VII,Natales,954 Sommers Drive,Macul,123.2861901,41.0006730,"123.2861901, 41.000673",46,179,443,"Anderson, Bernier and Schmidt",recm1BPA7Oir3jzRz,307,,"591,855,1000",
269,Bytecard,4,10/11/2022,XV,Ollagüe,2 Briar Crest Center,Macul,105.9934910,9.9789961,"105.993491, 9.9789961",42,285,893,"Medhurst, Langworth and Conn",rectmA4dC45ruba8v,"184,903",95,"604,694",
401,Bytecard,4,10/18/2022,VII,General Lagos,900 Macpherson Plaza,LoBarnechea,-46.8498038,-23.7169139,"-46.8498038, -23.7169139",51,81,185,Hudson Inc,rec3aJrGmUDsxV831,"473,917",24,,
163,Bytecard,8,10/31/2023,III,Chillán,368 Lyons Hill,Paine,117.0175360,25.0751230,"117.017536, 25.075123",75,203,48,Hoeger LLC,rec4KymxBFNHu0zEM,968,,516,
247,Bytecard,7,10/4/2021,IV,Carahue,89367 6th Place,LoBarnechea,117.0915820,39.4724630,"117.091582, 39.472463",7,68,115,McLaughlin Inc,recbZw7Eh92rwnZe4,"637,863",,126,
358,Bytecard,9,10/17/2022,VII,Sierra Gorda,4152 Bartillon Trail,Providencia,125.2297211,8.3272600,"125.2297211, 8.32726",84,134,129,Altenwerth and Sons,reclGEI5kSVB27Onk,871,,134,
405,Bytecard,4,7/27/2024,IV,Antofagasta,0122 Ridgeview Park,SanJoaquin,-90.5128018,14.6507289,"-90.5128018, 14.6507289",52,61,799,Schaefer-Hoppe,recAAnHqeJUdGSUAZ,"13,126,330,475,548,627,677",,,
211,Bytecard,3,12/14/2021,XIV,General Lagos,63 Golf View Point,LasCondes,122.3214575,10.6626096,"122.3214575, 10.6626096",43,41,239,Runolfsdottir-Schinner,recHer2hWBrUIqHet,"112,222,983",,,
382,Bytecard,2,10/14/2021,X,Calle Larga,395 Stuart Place,Paine,114.8721990,30.4536670,"114.872199, 30.453667",72,32,705,"Dooley, Skiles and Abshire",recMNTfBorkXGK9I0,"375,495,986",,210,
253,Y-Solowarm,4,10/20/2022,IV,Punitaqui,696 La Follette Pass,SanJoaquin,72.9814877,40.9331541,"72.9814877, 40.9331541",86,255,409,Dach-Kirlin,recvz3Nv2fApASltH,862,,,
167,Y-Solowarm,1,10/3/2021,IX,Linares,501 Sundown Parkway,Macul,32.7072675,46.6199321,"32.7072675, 46.6199321",92,375,372,Wehner Inc,recvKonI9qO7YqfDZ,,,892,
311,Y-Solowarm,1,11/9/2023,XIV,General Lagos,45 Luster Way,LasCondes,118.8874770,-2.6778303,"118.887477, -2.6778303",100,45,192,Rogahn LLC,recyEMMNlyUvyuLAl,"162,748",91,"366,879,955",
372,Y-Solowarm,4,10/7/2021,VI,Chimbarongo,79 Esch Junction,LoBarnechea,28.0172442,-25.9308612,"28.0172442, -25.9308612",87,266,23,Gerhold Inc,recZS46cL8cGg1luX,"902,953",,"386,927",
403,Y-Solowarm,1,12/21/2021,XV,Malloa,8 Hollow Ridge Circle,SanJoaquin,2.0598182,47.2265307,"2.0598182, 47.2265307",54,329,929,Sauer Group,recg5s2uquDGRNVuU,284,,"135,806,857",
328,Y-Solowarm,7,8/18/2022,V,Mariquina,082 Holmberg Drive,Providencia,-62.6496813,8.3663119,"-62.6496813, 8.3663119",11,170,545,Wehner-Gusikowski,recCdTOEDrO6LI0lx,,,,
449,Bamity,5,9/26/2022,IX,Tocopilla,07 Rigney Avenue,LoBarnechea,123.0170790,13.6582470,"123.017079, 13.658247",30,324,627,Sauer and Sons,recqHUeuaFNMQcNnh,147,,"205,921,922",
268,Bamity,9,2/26/2024,X,Arica,3 Basil Lane,Providencia,-113.4153735,53.3524256,"-113.4153735, 53.3524256",62,321,791,Lubowitz Inc,recx8srJOSw3lBn6Q,"25,951",,"331,882",
179,Bamity,2,11/29/2023,III,Providencia,207 Cherokee Road,SanJoaquin,-76.6622072,-11.4890016,"-76.6622072, -11.4890016",8,320,767,Kuhic Inc,rec2ggk17olIKwKdv,"211,747",,,
433,Bamity,7,12/16/2021,V,Santa Bárbara,72547 Bonner Place,SanJoaquin,104.5706940,31.5635130,"104.570694, 31.563513",42,31,198,Runolfsson Group,recapr1uuGQrKdnP9,441,,"685,792,873,895",
171,Bamity,10,11/6/2023,X,Coquimbo,3 Hudson Terrace,LasCondes,125.6638035,39.6211427,"125.6638035, 39.6211427",53,262,145,Osinski LLC,recKVsj5nkzrEDpHa,"778,781",,"313,499",
222,Bamity,10,7/27/2024,XIV,Andacollo,60827 Arkansas Hill,Macul,8.9990801,11.8625770,"8.9990801, 11.862577",5,218,755,Gerlach-Koss,recMMQuaRIBjhE49M,478,,175,
285,Bamity,6,2/14/2022,II,Chañaral,8105 Gale Way,LoBarnechea,69.0612582,41.1213095,"69.0612582, 41.1213095",50,183,520,"Hamill, Ritchie and Auer",recPpwEMqagKNd7k6,"321,630,864",,378,
434,Bamity,8,10/31/2022,VII,Calama,02 Esch Parkway,LoBarnechea,120.6813126,15.4239767,"120.6813126, 15.4239767",13,390,104,"Reinger, Bechtelar and Goodwin",recVNt5YMAGB0xeHd,,20,420,
399,Treeflex,10,8/10/2024,XIV,Chañaral,0487 Muir Park,LoBarnechea,42.5779182,1.2540403,"42.5779182, 1.2540403",48,109,549,VonRueden Inc,recZW6NUdt22lZFxd,937,,388,
172,Treeflex,7,6/28/2023,VI,Chimbarongo,08 Grim Park,LoBarnechea,-49.1221414,-17.7178133,"-49.1221414, -17.7178133",76,260,443,Gorczany Inc,recMVat7QyLGXGVvU,"429,587",,459,
444,Treeflex,10,6/12/2023,XV,Camarones,38 Buell Street,Providencia,43.0803450,42.0943874,"43.080345, 42.0943874",58,197,882,Weissnat-Wiza,recYEdkzITFKckjQF,,,695,
262,Zaam-Dox,9,9/7/2024,RM,Santa Cruz,28 Jana Way,SanJoaquin,127.0957430,45.3495592,"127.095743, 45.3495592",56,98,123,"Hermann, Tillman and Williamson",rectZ8Xgitn8qwnH3,"214,358",,,
238,Zaam-Dox,8,6/27/2023,III,Lonquimay,59207 Darwin Parkway,Providencia,113.7517990,23.0206730,"113.751799, 23.020673",29,300,471,Franecki-Durgan,rec9qeg7cD16KCHUf,"880,958",,494,
175,Zaam-Dox,2,1/5/2024,V,Alto Biobío,8 Tennyson Avenue,SanJoaquin,121.0530000,-8.8229000,"121.053, -8.8229",50,379,609,Douglas Inc,recfOwoxo9xCd9S2T,514,,"187,642",
366,Zaam-Dox,2,2/28/2022,XII,San Antonio,37 Arapahoe Street,LoBarnechea,113.1060550,23.3420310,"113.106055, 23.342031",70,173,844,Sauer-Auer,recfvkouNCgVI9UHU,433,"45,64",68,
431,Zaam-Dox,3,7/16/2022,VII,Alto Hospicio,1 Sloan Drive,Macul,-71.6932600,-13.9239900,"-71.69326, -13.92399",44,377,434,Berge Inc,recLVQkxEptSDIYM7,"405,446",,"163,461",
338,Zaam-Dox,7,8/26/2023,III,Lonquimay,382 Kropf Pass,Providencia,116.7797900,23.4934740,"116.77979, 23.493474",70,31,549,"Stehr, Huel and Swift",recQE4HWJdlzOCdn3,432,8,"40,311",
177,Voyatouch,9,12/14/2023,XV,Cochrane,1 Portage Way,LoBarnechea,116.3915070,37.6276610,"116.391507, 37.627661",17,323,415,Hansen Inc,rec1RO6hlr8WsrifL,"988,989",,"580,846",
454,Voyatouch,3,8/27/2024,VI,Lanco,719 Iowa Parkway,Macul,124.7336100,7.7577800,"124.73361, 7.75778",40,334,190,Kshlerin and Sons,recHxVGsYxHpQBsCW,"179,512,916",,"777,835",
435,Voyatouch,10,2/14/2022,VI,Ancud,5 Pond Center,Providencia,19.5315193,41.0918152,"19.5315193, 41.0918152",86,95,264,Stamm-Becker,recJIS0WroDRtCnCV,"10,712",,"110,183,196",
436,Hatity,10,4/13/2023,XIV,Torres del Paine,75982 Redwing Crossing,SanJoaquin,119.7371425,-9.8492904,"119.7371425, -9.8492904",97,180,128,"Aufderhar, Bogan and O'Reilly",rec7yFj3bpBLHbsbh,"196,612",,"190,621,809",
485,Hatity,10,11/27/2024,II,Chañaral,9682 Riverside Crossing,LoBarnechea,113.7989815,-8.2068055,"113.7989815, -8.2068055",41,298,505,Ondricka-Waters,recoibuFlDMNvlotH,123,,"176,382,483",
322,Hatity,7,1/25/2022,XIV,Andacollo,699 Service Plaza,Macul,29.8126551,50.4573262,"29.8126551, 50.4573262",98,199,588,"Hauck, Block and Schaden",recEY8Yg37StfAurq,84,"53,82","365,930",
254,Hatity,8,5/14/2023,VI,Lanco,730 Darwin Street,Macul,15.4833007,49.2908708,"15.4833007, 49.2908708",3,322,938,Reynolds Inc,recO4dtG0qcSsTOHO,"635,728",,"57,551,603",
180,Hatity,1,9/11/2023,IV,Futaleufú,52074 Lake View Avenue,SanJoaquin,114.0298270,27.6308060,"114.029827, 27.630806",39,7,180,Kertzmann-Gislason,recS1I74exPa4nF4w,"22,480,497",,"19,23,336,989",
389,Biodex,6,8/16/2024,XII,Chiguayante,5364 East Junction,Paine,-118.5748667,39.5481333,"-118.5748667, 39.5481333",21,186,934,McCullough-Erdman,recs6T6AVnyvz0ofF,"55,134,155",67,"421,785,790",
275,Biodex,3,11/9/2021,V,Alto Biobío,6 South Plaza,SanJoaquin,-58.2169560,-33.5295223,"-58.216956, -33.5295223",55,105,570,Fisher-Lubowitz,recvlDDDvseIG48H7,603,72,958,
414,Biodex,10,12/11/2021,XIV,Ránquil,4 Eagle Crest Place,LoBarnechea,-71.8230371,-17.1406793,"-71.8230371, -17.1406793",14,70,854,Donnelly-Balistreri,rec0WwjW0sJecWVon,,,"437,619",
421,Biodex,8,7/29/2023,X,Melipeuco,9835 Mayer Junction,Paine,121.3129400,39.4444220,"121.31294, 39.444422",59,196,112,Nader Inc,recAiv2VDPmL4aD9P,189,,"538,794,830",
181,Biodex,4,3/13/2024,II,San Bernardo,08 Magdeline Alley,Paine,95.9621106,21.9159702,"95.9621106, 21.9159702",18,324,624,Kohler Group,recKwck7XWjgxsDtY,399,,540,
440,Subin,6,8/20/2022,IX,Rinconada,83190 Namekagon Plaza,SanJoaquin,28.7649835,-31.5720128,"28.7649835, -31.5720128",13,367,446,Smith-Hills,rec7DqHdnYD0Ijlul,"106,806,932",,"203,932",
195,Subin,9,6/6/2024,RM,El Carmen,7844 Charing Cross Center,SanJoaquin,102.7790303,46.2728780,"102.7790303, 46.272878",99,57,79,"Hegmann, Bradtke and Wyman",recNQgtTL4q1E8f1C,257,,"520,596,620,987",
408,Subin,6,2/5/2022,XIV,Alto Biobío,9 Rowland Alley,Macul,-97.8367954,22.2016816,"-97.8367954, 22.2016816",38,18,139,Kuvalis-Cronin,recRgurEOOIxE0RMo,"540,793,995",,"344,445,631",
379,Viva,4,3/25/2023,III,Providencia,772 Ridgeway Way,SanJoaquin,-75.1643680,-12.2314600,"-75.164368, -12.23146",80,69,304,Pacocha-Schmitt,recuL2kWhDafmY2cH,470,,"266,357,393",
216,Viva,3,5/18/2024,II,Freire,070 Upham Center,Macul,41.5474702,58.4705978,"41.5474702, 58.4705978",48,3,592,Keeling-Pagac,reczppZ6eLeMPBrEI,"37,170,602",,"113,143,686,904",
294,Alpha,4,9/27/2021,IV,Chépica,84392 Lakewood Road,Providencia,100.5326139,13.7506463,"100.5326139, 13.7506463",79,297,209,Parker LLC,recsLrWaVx7TdThrq,"538,788",,"285,721",
225,Alpha,6,3/15/2022,II,Coquimbo,183 Kensington Place,LoBarnechea,107.9833112,-7.1684722,"107.9833112, -7.1684722",16,337,381,Larson-Balistreri,recb9FyKj1zCSTWLE,"52,525",,308,
223,Alpha,10,2/19/2022,RM,Carahue,41 Stephen Point,Providencia,-7.8775484,40.4589160,"-7.8775484, 40.458916",75,288,239,Fahey-Koss,recLbO5lll0xrxmgc,"551,685",,915,
490,Ventosanzap,1,12/15/2021,VII,Timaukel,3 Summit Drive,Paine,173.0425900,1.3531700,"173.04259, 1.35317",100,17,204,White Group,rec1PkaUYEJNRfdeG,"289,567,997",,"289,722",1
404,Ventosanzap,7,3/26/2024,XIV,Valdivia,3 Burrows Crossing,Paine,82.4333370,41.5484370,"82.433337, 41.548437",44,91,177,Carter-Leannon,rec5iw9N36J8wsAhP,645,,"345,782",
347,Ventosanzap,7,4/27/2022,IV,Carahue,60241 Pleasure Drive,LoBarnechea,45.0503473,43.2374865,"45.0503473, 43.2374865",40,189,195,Ward-Conroy,reckNof5b953NJNFH,"105,237",,929,
282,Ventosanzap,9,6/18/2024,X,Calle Larga,47762 Dovetail Trail,Paine,19.9097230,42.0957420,"19.909723, 42.095742",50,327,920,Schumm-Fadel,recoktj7Ktp9Lk38t,895,,"241,952",
249,Ventosanzap,4,12/2/2022,IX,Tocopilla,19036 Scofield Point,LoBarnechea,-48.5606259,-27.7145846,"-48.5606259, -27.7145846",89,7,762,Keeling-Kling,recYxcJ1xI2u3UjH8,5,,88,
501,Alfredow,3,6/18/2023,RM,Freire,San carlos de apoquindo,Las condes,,,"124.349613, 6.984864",,,,ALFREDO LTDA,recPF5BUu0NgFG7Xw,,,,
217,Alfred,3,5/18/2023,IV,Valdivia,Av Macul,San joaquin,,,"23.4910916, 37.9512175",,,,Alfredo Cia,recJQY28K8vQdSdBX,,,,